Unnamed: 0,Exp Count,Kill,Cluster,Label
4,0.332909989,4.806148809,0,Unknown
12,0.341233683,4.687223784,0,Unknown
19,0.336293269,4.67813904,0,Unknown
21,0.265972947,4.897031312,0,Unknown
31,0.268329783,4.750756822,0,Unknown
33,0.375000964,4.769872072,0,Unknown
38,0.330655028,4.412178025,0,Unknown
43,0.316266537,4.838878013,0,Unknown
49,0.316266537,4.838878013,0,Unknown
55,0.326272984,4.839009706,0,Unknown
56,0.369049816,4.619075114,0,Unknown
58,0.218319736,4.34380992,0,Unknown
62,0.295083456,4.78186523,0,Unknown
63,0.251310447,4.386152637,0,Unknown
64,0.233074543,3.815763231,0,Unknown
65,0.249722725,3.785796504,0,Unknown
66,0.244104436,4.595531332,0,Unknown
68,0.196448543,3.755829777,0,Unknown
69,0.179800362,4.012211774,0,Unknown
70,0.269700542,3.905663412,0,Unknown
71,0.239733816,3.85238923,0,Unknown
72,0.216426361,4.065485955,0,Unknown
73,0.276120639,4.05971967,0,Unknown
74,0.236723456,4.124450984,0,Unknown
75,0.269700542,3.862378139,0,Unknown
76,0.25461358,4.295220387,0,Unknown
77,0.317696244,4.286888555,0,Unknown
78,0.234988356,3.986969112,0,Unknown
79,0.230126775,4.050231236,0,Unknown
80,0.286276306,4.180418387,0,Unknown
81,0.3071176,4.247211691,0,Unknown
82,0.262178965,4.177671378,0,Unknown
83,0.295214493,3.989385044,0,Unknown
84,0.328824647,4.230065209,0,Unknown
85,0.323531179,4.268930881,0,Unknown
86,0.224816664,4.138837926,0,Unknown
87,0.283175323,4.112198167,0,Unknown
88,0.21340749,4.124510137,0,Unknown
89,0.268532971,4.074148667,0,Unknown
90,0.26562666,4.101588135,0,Unknown
91,0.287102841,4.21500258,0,Unknown
92,0.197803067,4.08322046,0,Unknown
93,0.309764623,4.057243155,0,Unknown
94,0.306453343,4.153249252,0,Unknown
95,0.306502876,4.16565273,0,Unknown
96,0.28000168,3.996023976,0,Unknown
97,0.214913318,4.083353034,0,Unknown
98,0.248408632,4.26116346,0,Unknown
99,0.278352094,4.132755392,0,Unknown
100,0.325492238,4.117672895,0,Unknown
101,0.270705745,3.986420213,0,Unknown
102,0.24854774,4.203509145,0,Unknown
103,0.321767983,4.149860599,0,Unknown
104,0.326659836,4.171483648,0,Unknown
105,0.250001488,4.03177003,0,Unknown
106,0.223290093,4.130866722,0,Unknown
107,0.283899869,4.258498034,0,Unknown
108,0.278811653,4.167304836,0,Unknown
109,0.29593219,4.028376938,0,Unknown
110,0.286276306,3.866690928,0,Unknown
111,0.301145229,4.059742639,0,Unknown
112,0.227529368,4.082888106,0,Unknown
113,0.280264854,4.531606376,0,Unknown
114,0.258198203,3.967235878,0,Unknown
115,0.33928738,4.017876874,0,Unknown
116,0.289934559,4.071164438,0,Unknown
117,0.305484863,4.139711544,0,Unknown
118,0.241936498,4.117759204,0,Unknown
119,0.296563092,4.263631694,0,Unknown
120,0.287188478,4.179696923,0,Unknown
121,0.244727081,4.118166049,0,Unknown
122,0.238017434,3.991750712,0,Unknown
123,0.314040762,4.001248774,0,Unknown
124,0.275267568,4.077151515,0,Unknown
125,0.263310679,4.195704583,0,Unknown
126,0.260253515,4.40065035,0,Unknown
127,0.299631342,4.183741338,0,Unknown
128,0.273129077,4.163015768,0,Unknown
129,0.316408228,4.062525391,0,Unknown
130,0.2330466,4.087563376,0,Unknown
131,0.349044458,4.19737006,0,Unknown
132,0.306367917,4.098168238,0,Unknown
133,0.278956955,4.199036277,0,Unknown
134,0.27272831,4.204974664,0,Unknown
135,0.326285565,4.164672699,0,Unknown
136,0.277228683,4.321797155,0,Unknown
137,0.306214558,4.153867046,0,Unknown
138,0.283844282,4.135392849,0,Unknown
139,0.228659547,4.125018236,0,Unknown
141,0.280544256,4.276037448,0,Unknown
142,0.25588367,4.191198043,0,Unknown
143,0.251779419,4.105284765,0,Unknown
144,0.300510307,4.584055534,0,Unknown
145,0.256199829,4.05374246,0,Unknown
146,0.320302293,4.172952411,0,Unknown
147,0.283729017,4.264280227,0,Unknown
148,0.225600902,4.353617414,0,Unknown
149,0.252213617,4.243383485,0,Unknown
151,0.290016997,4.264676167,0,Unknown
152,0.280001369,4.297798789,0,Unknown
153,0.277707047,4.212542111,0,Unknown
154,0.250001354,4.108355587,0,Unknown
155,0.26785823,4.266251081,0,Unknown
156,0.264985397,4.201911302,0,Unknown
157,0.276522557,4.299143145,0,Unknown
158,0.342188997,4.382831675,0,Unknown
159,0.327869748,4.37706114,0,Unknown
160,0.283020306,4.071138242,0,Unknown
161,0.30704801,4.328873587,0,Unknown
162,0.36068778,4.311077752,0,Unknown
163,0.258348751,4.391928763,0,Unknown
164,0.344038275,4.2890105,0,Unknown
165,0.307019025,4.263178463,0,Unknown
166,0.247339702,4.372327634,0,Unknown
167,0.275000172,4.618752887,0,Unknown
168,0.296337633,3.978915411,0,Unknown
169,0.32500176,4.479190929,0,Unknown
170,0.269532935,4.175807349,0,Unknown
171,0.351351114,4.452699694,0,Unknown
172,0.299667269,4.002222865,0,Unknown
173,0.27923581,4.682569743,0,Unknown
174,0.341463831,4.469517646,0,Unknown
176,0.302996906,4.158715773,0,Unknown
177,0.312044593,4.593077428,0,Unknown
178,0.290123636,4.574076898,0,Unknown
179,0.353635133,4.609044572,0,Unknown
180,0.26304127,3.935630139,0,Unknown
181,0.269700542,3.972256138,0,Unknown
182,0.322752177,4.497366395,0,Unknown
183,0.316315451,4.271923408,0,Unknown
184,0.283687541,4.687936613,0,Unknown
185,0.234986148,4.503901162,0,Unknown
186,0.210407145,4.615382527,0,Unknown
187,0.193779673,3.681813778,0,Unknown
188,0.262082418,4.611535307,0,Unknown
189,0.2795452,4.547723138,0,Unknown
190,0.244564553,4.345096888,0,Unknown
191,0.246333805,4.469199037,0,Unknown
192,0.272138288,4.723543137,0,Unknown
193,0.339518318,4.664202469,0,Unknown
194,0.268839378,4.698579123,0,Unknown
195,0.320158609,4.476291662,0,Unknown
196,0.319645087,4.035519228,0,Unknown
197,0.361842105,4.625,0,Unknown
198,0.205356593,4.455345209,0,Unknown
199,0.36000036,4.644004644,0,Unknown
200,0.2588495,4.460176004,0,Unknown
201,0.332608768,4.604348827,0,Unknown
202,0.323184633,4.327863785,0,Unknown
203,0.310975989,4.750005793,0,Unknown
204,0.305986561,4.523279591,0,Unknown
205,0.288840326,4.56892879,0,Unknown
206,0.19411719,4.261754678,0,Unknown
207,0.23603995,4.850240266,0,Unknown
208,0.302469323,4.629632487,0,Unknown
209,0.277250725,4.84833319,0,Unknown
210,0.293477463,4.679335111,0,Unknown
211,0.290575079,4.735588458,0,Unknown
212,0.303570615,4.410702471,0,Unknown
213,0.23333275,4.508322063,0,Unknown
214,0.154638737,4.469059495,0,Unknown
215,0.275509501,4.829069314,0,Unknown
216,0.296953486,4.644657083,0,Unknown
217,0.289603459,4.611378149,0,Unknown
218,0.349592359,4.544700668,0,Unknown
219,0.240000051,4.743158893,0,Unknown
220,0.215516684,4.491367695,0,Unknown
221,0.290992736,4.579671386,0,Unknown
222,0.203703326,4.444436214,0,Unknown
225,0.263735467,4.598887201,0,Unknown
226,0.265822364,4.405056321,0,Unknown
227,0.289061597,4.72654773,0,Unknown
228,0.258620021,4.568953701,0,Unknown
229,0.301723358,4.465505693,0,Unknown
230,0.269021008,4.785313083,0,Unknown
231,0.267408726,4.621157044,0,Unknown
232,0.259052203,4.688009226,0,Unknown
233,0.243037359,4.769608178,0,Unknown
234,0.230768663,4.273835634,0,Unknown
235,0.304761324,4.466658159,0,Unknown
236,0.337695363,4.680614794,0,Unknown
237,0.220587716,4.438224851,0,Unknown
238,0.277909409,4.945362298,0,Unknown
239,0.221590405,4.576694144,0,Unknown
240,0.218749316,4.773422583,0,Unknown
241,0.308570547,4.499987143,0,Unknown
243,0.253297418,4.733495496,0,Unknown
244,0.235464432,4.595916872,0,Unknown
245,0.301723358,4.525850364,0,Unknown
246,0.209912047,4.556840684,0,Unknown
247,0.268155601,4.567025073,0,Unknown
248,0.327126703,4.731369137,0,Unknown
249,0.277777263,4.509250909,0,Unknown
250,0.197560638,4.551211742,0,Unknown
251,0.314916257,4.657445698,0,Unknown
252,0.32608607,4.483683468,0,Unknown
253,0.306450624,4.637081816,0,Unknown
254,0.263297102,4.755305237,0,Unknown
255,0.155487426,4.490842705,0,Unknown
256,0.218749316,4.79686001,0,Unknown
257,0.240740295,4.481473182,0,Unknown
258,0.236841482,4.649987763,0,Unknown
259,0.208762295,4.801532779,0,Unknown
260,0.226414484,4.609151997,0,Unknown
262,0.200580812,4.290685201,0,Unknown
263,0.192072702,4.179867854,0,Unknown
264,0.1671823,3.891632433,0,Unknown
265,0.111454867,3.965935678,0,Unknown
266,0.198112834,3.933954842,0,Unknown
267,0.135047928,3.839219654,0,Unknown
268,0.13235263,4.005872927,0,Unknown
269,0.101538212,3.830759801,0,Unknown
270,0.152238488,4.191036019,0,Unknown
271,0.154638936,3.999993814,0,Unknown
272,0.16139215,3.825943313,0,Unknown
273,0.101351184,3.557426543,0,Unknown
274,0.127906873,3.604648229,0,Unknown
275,0.106761425,3.747326027,0,Unknown
276,0.108552453,3.680914998,0,Unknown
277,0.114186677,3.871966423,0,Unknown
278,0.16326504,3.989789404,0,Unknown
279,0.158415528,3.920784315,0,Unknown
280,0.147238948,3.819010205,0,Unknown
281,0.087378471,3.951448638,0,Unknown
282,0.109090774,3.698177246,0,Unknown
283,0.092024342,3.855819941,0,Unknown
284,0.065015339,3.928784055,0,Unknown
285,0.15483846,4.025799958,0,Unknown
286,0.108695522,3.826082382,0,Unknown
287,0.183999411,4.207986534,0,Unknown
288,0.174657253,3.76026792,0,Unknown
289,0.058631826,3.723120972,0,Unknown
290,0.116343136,3.922425721,0,Unknown
291,0.131386708,3.755470067,0,Unknown
292,0.085987069,3.429928659,0,Unknown
293,0.133105593,3.204773126,0,Unknown
294,0.203703326,3.888881687,0,Unknown
295,0.151334952,3.685451192,0,Unknown
296,0.07291656,3.520828199,0,Unknown
297,0.119363079,3.835533593,0,Unknown
298,0.182691956,3.759608155,0,Unknown
299,0.105769027,3.961530843,0,Unknown
300,0.081355794,3.569485475,0,Unknown
301,0.17999964,3.38999322,0,Unknown
302,0.203007061,4.112772678,0,Unknown
303,0.184048685,3.708580994,0,Unknown
304,0.164633745,3.585357109,0,Unknown
305,0.116882851,3.506485537,0,Unknown
306,0.166051464,3.83025378,0,Unknown
307,0.127868559,3.845892813,0,Unknown
308,0.123809288,3.523802812,0,Unknown
309,0.128571245,3.635709092,0,Unknown
310,0.183452993,3.917260973,0,Unknown
311,0.243749467,3.965616325,0,Unknown
312,0.162790565,3.848834077,0,Unknown
313,0.160534838,3.872902964,0,Unknown
314,0.047430798,3.237151975,0,Unknown
315,0.1999996,3.97999204,0,Unknown
316,0.102166961,3.696586416,0,Unknown
317,0.121771074,3.730622901,0,Unknown
318,0.175823963,3.868127192,0,Unknown
319,0.132911182,3.759487722,0,Unknown
320,0.157894667,4.068824099,0,Unknown
321,0.136881999,3.84410281,0,Unknown
322,0.072164837,3.628860368,0,Unknown
323,0.274900223,3.920316226,0,Unknown
324,0.104247024,3.567564813,0,Unknown
325,0.185328042,3.972969905,0,Unknown
326,0.222614518,3.954057876,0,Unknown
327,0.133333185,4.055551049,0,Unknown
328,0.103053345,3.549615205,0,Unknown
329,0.17880771,3.943703386,0,Unknown
330,0.13999972,3.57999284,0,Unknown
331,0.135416469,3.416661684,0,Unknown
332,0.116197019,3.728867988,0,Unknown
333,0.134328213,3.694025853,0,Unknown
334,0.135802419,3.679010983,0,Unknown
335,0.209016299,3.71311308,0,Unknown
336,0.187499692,4.351966526,0,Unknown
337,0.120401128,3.672234416,0,Unknown
338,0.19999995,3.949999013,0,Unknown
339,0.167286071,3.736055591,0,Unknown
340,0.174657253,4.006842866,0,Unknown
341,0.11111107,3.75308503,0,Unknown
342,0.262135413,4.077661985,0,Unknown
343,0.143911269,3.719552803,0,Unknown
344,0.135245841,3.651637698,0,Unknown
345,0.19565194,4.043473426,0,Unknown
346,0.059523774,3.559521691,0,Unknown
347,0.184615228,3.842304441,0,Unknown
348,0.114285497,3.704754848,0,Unknown
349,0.214285669,3.655461417,0,Unknown
350,0.177215145,3.89873319,0,Unknown
351,0.167831927,4.143350704,0,Unknown
352,0.13452919,3.84753484,0,Unknown
353,0.118421068,3.578947839,0,Unknown
354,0.315789333,3.777326253,0,Unknown
355,0.174107182,3.816965138,0,Unknown
356,0.236842136,4.184211077,0,Unknown
357,0.184615228,3.911535152,0,Unknown
358,0.088235194,3.783083924,0,Unknown
359,0.135416469,3.760411183,0,Unknown
360,0.13953477,3.860461974,0,Unknown
361,0.185185117,3.666665309,0,Unknown
362,0.153846134,3.58974313,0,Unknown
363,0.201753855,3.9034985,0,Unknown
364,0.099999975,3.524999119,0,Unknown
365,0.127659564,3.765957126,0,Unknown
366,0.332102929,4.261987587,0,Unknown
367,0.111111173,3.666668704,0,Unknown
368,0.183673394,3.661222995,0,Unknown
369,0.329786778,4.329781246,0,Unknown
370,0.125000069,3.513890841,0,Unknown
371,0.064935065,3.454545455,0,Unknown
372,0.072874461,3.279350766,0,Unknown
373,0.27906954,3.965113052,0,Unknown
374,0.23247205,3.985235147,0,Unknown
375,0.121323391,3.738966327,0,Unknown
376,0.198605974,3.888495916,0,Unknown
377,0.077777691,3.899995667,0,Unknown
378,0.184210551,3.815789976,0,Unknown
379,0.251101344,4.017621499,0,Unknown
380,0.162499959,3.862499034,0,Unknown
381,0.107142793,3.654759729,0,Unknown
382,0.117391315,3.521739437,0,Unknown
383,0.11440676,3.966101023,0,Unknown
384,0.077490683,3.675272413,0,Unknown
385,0.092307614,3.680766116,0,Unknown
386,0.184782388,3.586952233,0,Unknown
387,0.144329674,3.793808566,0,Unknown
388,0.211655987,4.012261323,0,Unknown
389,0.088607573,3.405062429,0,Unknown
390,0.217021258,3.523403955,0,Unknown
391,0.142857058,3.464283652,0,Unknown
392,0.242152542,3.551570622,0,Unknown
393,0.116607605,3.466426073,0,Unknown
394,0.095999946,3.491998044,0,Unknown
395,0.096428441,3.953566063,0,Unknown
396,0.169811154,3.622637955,0,Unknown
397,0.204255302,3.548935868,0,Unknown
398,0.16139215,3.759487722,0,Unknown
399,0.119999852,3.490904775,0,Unknown
400,0.17374504,3.741309852,0,Unknown
401,0.159835994,3.577867239,0,Unknown
402,0.13740446,3.354958887,0,Unknown
403,0.108870911,3.641127124,0,Unknown
404,0.218623384,3.655868817,0,Unknown
405,0.127906873,3.790694589,0,Unknown
406,0.110768958,3.70152935,0,Unknown
407,0.157894395,3.808041283,0,Unknown
408,0.167330571,3.836650941,0,Unknown
409,0.099667609,3.777402363,0,Unknown
410,0.060344672,3.594818289,0,Unknown
411,0.193068972,3.868805178,0,Unknown
412,0.16666634,4.068619473,0,Unknown
413,0.212013827,4.038863407,0,Unknown
414,0.077205794,3.816172121,0,Unknown
415,0.102661499,3.866916476,0,Unknown
416,0.17374504,3.833973873,0,Unknown
417,0.073943558,3.992952123,0,Unknown
418,0.122222086,4.099995444,0,Unknown
419,0.064655167,3.336206609,0,Unknown
420,0.14062489,3.843746997,0,Unknown
421,0.076595738,3.561701825,0,Unknown
422,0.121457436,3.728743279,0,Unknown
423,0.112499972,3.39999915,0,Unknown
424,0.115384601,3.551281596,0,Unknown
425,0.165516979,4.003441926,0,Unknown
426,0.095238039,3.488093162,0,Unknown
427,0.166051464,3.819183682,0,Unknown
428,0.245352904,3.981408495,0,Unknown
429,0.13953477,3.674415614,0,Unknown
430,0.207692132,3.819227538,0,Unknown
431,0.047999973,3.683997937,0,Unknown
432,0.150627571,3.476986429,0,Unknown
433,0.114068333,3.923950643,0,Unknown
434,0.116278975,3.616276126,0,Unknown
435,0.109311692,3.680160304,0,Unknown
436,0.21348293,3.898872462,0,Unknown
437,0.12195116,3.743900613,0,Unknown
438,0.140287583,4.143879377,0,Unknown
439,0.062068867,3.744821646,0,Unknown
440,0.081395283,3.790694589,0,Unknown
441,0.175732166,3.451881834,0,Unknown
442,0.217557061,3.80152338,0,Unknown
443,0.117856983,3.889280436,0,Unknown
444,0.224999695,3.932137521,0,Unknown
445,0.130908929,3.785449865,0,Unknown
446,0.190298302,3.90671219,0,Unknown
447,0.238636147,4.102268998,0,Unknown
448,0.125475166,3.570338811,0,Unknown
449,0.116278975,3.848834077,0,Unknown
450,0.187499854,3.832028256,0,Unknown
451,0.190812444,4.007061333,0,Unknown
452,0.184782388,3.847821486,0,Unknown
453,0.103053345,3.767172265,0,Unknown
454,0.169172754,3.766913328,0,Unknown
455,0.158415528,3.999992079,0,Unknown
456,0.17213107,3.995899838,0,Unknown
457,0.198529185,3.805142722,0,Unknown
458,0.110204037,3.563263852,0,Unknown
459,0.102127651,3.319148654,0,Unknown
460,0.234374817,3.960934406,0,Unknown
461,0.184931209,4.325335504,0,Unknown
462,0.220689503,3.868962849,0,Unknown
463,0.103053345,3.812973752,0,Unknown
464,0.122950764,3.319670635,0,Unknown
465,0.143911269,3.40959007,0,Unknown
466,0.111486302,4.01350687,0,Unknown
467,0.157434035,3.769670508,0,Unknown
468,0.086419721,3.481480192,0,Unknown
469,0.202846708,3.939496592,0,Unknown
470,0.192856881,3.974994605,0,Unknown
471,0.194069558,3.557941892,0,Unknown
472,0.135802419,3.777776379,0,Unknown
473,0.22007705,3.857139879,0,Unknown
474,0.170212531,3.882973353,0,Unknown
475,0.193916165,4.072239475,0,Unknown
476,0.19615368,3.934612055,0,Unknown
477,0.185915074,3.633794628,0,Unknown
478,0.218390604,3.827582687,0,Unknown
479,0.174418463,3.906973564,0,Unknown
480,0.123134195,3.973876297,0,Unknown
481,0.184615228,3.8999967,0,Unknown
482,0.152073803,3.179724968,0,Unknown
483,0.141304179,3.52173492,0,Unknown
484,0.146067268,3.943816237,0,Unknown
485,0.122222086,3.933328963,0,Unknown
486,0.154761813,3.523807426,0,Unknown
487,0.128571254,4.114280131,0,Unknown
488,0.167330571,3.693224737,0,Unknown
489,0.138210933,3.666654743,0,Unknown
490,0.161538325,3.911535152,0,Unknown
491,0.097560928,3.597559221,0,Unknown
492,0.119521836,3.776890023,0,Unknown
493,0.156716248,4.085816474,0,Unknown
494,0.148935964,3.914888203,0,Unknown
495,0.324137707,3.95861796,0,Unknown
496,0.124999886,3.488633192,0,Unknown
497,0.199999619,3.704754848,0,Unknown
498,0.183205946,3.755721894,0,Unknown
499,0.166666424,3.854161046,0,Unknown
500,0.168141147,3.973440778,0,Unknown
501,0.131999926,3.647997957,0,Unknown
502,0.175531401,3.917541731,0,Unknown
503,0.105468668,3.703122107,0,Unknown
504,0.210331855,4.129146416,0,Unknown
505,0.155014868,3.993912475,0,Unknown
506,0.171919377,3.713458536,0,Unknown
507,0.16935475,3.689514195,0,Unknown
508,0.150627571,3.389120346,0,Unknown
509,0.153191476,3.625531606,0,Unknown
510,0.104166515,3.760411183,0,Unknown
511,0.218542757,4.281451283,0,Unknown
512,0.050420157,3.428570708,0,Unknown
513,0.083665285,3.848603124,0,Unknown
514,0.158536508,3.695120149,0,Unknown
515,0.145713869,3.634275331,0,Unknown
516,0.160714068,3.889280436,0,Unknown
517,0.114503716,3.675569292,0,Unknown
518,0.204300812,4.107521582,0,Unknown
519,0.133135819,4.28697337,0,Unknown
520,0.077205794,3.915436714,0,Unknown
521,0.087866083,3.740584678,0,Unknown
522,0.138075273,3.351463454,0,Unknown
523,0.251045952,3.903764547,0,Unknown
524,0.119999933,3.347998125,0,Unknown
525,0.132530041,3.51807017,0,Unknown
526,0.203389796,3.826270538,0,Unknown
527,0.147727138,4.147723502,0,Unknown
528,0.127413029,3.694977842,0,Unknown
529,0.162162037,3.891888887,0,Unknown
530,0.135541883,3.8584256,0,Unknown
531,0.142499715,3.847492305,0,Unknown
532,0.17374504,3.9498039,0,Unknown
533,0.095617469,3.621511636,0,Unknown
534,0.17777758,3.95555116,0,Unknown
535,0.10074616,3.86193612,0,Unknown
536,0.238493654,3.753136976,0,Unknown
537,0.107142793,3.5833312,0,Unknown
538,0.185064514,4.422067872,0,Unknown
539,0.242553171,3.676595432,0,Unknown
540,0.092511021,3.766520156,0,Unknown
541,0.230769036,3.749996827,0,Unknown
542,0.165254209,3.737287502,0,Unknown
543,0.129411673,3.74117383,0,Unknown
544,0.109488923,3.897805667,0,Unknown
545,0.251101344,3.819383596,0,Unknown
546,0.157407116,3.472215792,0,Unknown
547,0.142241367,3.103448008,0,Unknown
548,0.105633654,3.433093756,0,Unknown
549,0.179487156,3.538461085,0,Unknown
550,0.131999926,3.947997789,0,Unknown
551,0.089552142,3.794772013,0,Unknown
552,0.091953938,3.712640264,0,Unknown
553,0.206896756,3.561579864,0,Unknown
554,0.142857143,3.883116883,0,Unknown
555,0.212389418,4.141593653,0,Unknown
556,0.237804298,3.713405577,0,Unknown
557,0.161435028,3.645741055,0,Unknown
558,0.236220296,3.767713717,0,Unknown
559,0.226666727,3.733334329,0,Unknown
560,0.026086959,3.639130751,0,Unknown
561,0.117469632,4.012039734,0,Unknown
562,0.108870911,3.362901463,0,Unknown
563,0.20816318,3.612243424,0,Unknown
564,0.133064446,3.374998231,0,Unknown
565,0.205645053,3.822578641,0,Unknown
566,0.196911045,3.72972685,0,Unknown
567,0.285067976,3.71945836,0,Unknown
568,0.12406002,3.913529715,0,Unknown
569,0.06437768,3.437768093,0,Unknown
570,0.218623384,3.862346458,0,Unknown
571,0.141025623,3.692307219,0,Unknown
572,0.145161214,3.60483682,0,Unknown
573,0.159835994,3.725408157,0,Unknown
574,0.199115079,3.477876722,0,Unknown
575,0.14042552,3.804254995,0,Unknown
576,0.103846066,3.726919923,0,Unknown
577,0.06437768,3.66952774,0,Unknown
578,0.188888679,4.188884235,0,Unknown
579,0.183406122,3.668122431,0,Unknown
580,0.183962386,3.622643902,0,Unknown
581,0.141630895,3.618025596,0,Unknown
582,0.122092668,3.497082857,0,Unknown
583,0.170305684,3.72052418,0,Unknown
584,0.100334274,4.103671793,0,Unknown
585,0.175732166,3.853555357,0,Unknown
586,0.088607573,3.658226922,0,Unknown
587,0.133603179,3.777326253,0,Unknown
588,0.167999906,4.019997749,0,Unknown
589,0.132158602,3.740088435,0,Unknown
590,0.143426203,4.075694613,0,Unknown
591,0.162162037,3.706560844,0,Unknown
592,0.188284464,3.790793869,0,Unknown
593,0.188118439,4.069298873,0,Unknown
594,0.11764718,3.57353309,0,Unknown
595,0.187500042,3.683036536,0,Unknown
596,0.132530041,4.012045776,0,Unknown
597,0.250995856,3.956172777,0,Unknown
598,0.122222086,3.933328963,0,Unknown
599,0.085365812,3.792681077,0,Unknown
600,0.181395442,3.879071752,0,Unknown
601,0.094170433,3.874440678,0,Unknown
602,0.142241367,3.68534451,0,Unknown
603,0.100418381,3.702927786,0,Unknown
604,0.282786758,3.909834303,0,Unknown
605,0.172566402,3.623894447,0,Unknown
606,0.13235263,3.749991176,0,Unknown
607,0.102564089,3.833332842,0,Unknown
608,0.148648689,3.770271289,0,Unknown
609,0.161435028,3.672646893,0,Unknown
610,0.150684993,3.602741207,0,Unknown
611,0.172839442,3.950615821,0,Unknown
612,0.157894667,3.898783689,0,Unknown
613,0.141025623,3.782050797,0,Unknown
614,0.181395442,4.074420689,0,Unknown
615,0.126050394,3.79411685,0,Unknown
616,0.141630895,3.721029883,0,Unknown
617,0.158536508,3.865851773,0,Unknown
618,0.141509527,3.650945807,0,Unknown
619,0.158590322,3.938326338,0,Unknown
620,0.099999975,3.712499072,0,Unknown
621,0.146579566,3.928332364,0,Unknown
622,0.303501721,4.167312094,0,Unknown
623,0.272727025,3.95454186,0,Unknown
624,0.124999969,3.962499009,0,Unknown
625,0.252100787,3.756301732,0,Unknown
626,0.161764872,3.441180013,0,Unknown
627,0.195652191,3.769565545,0,Unknown
628,0.127118623,3.966101023,0,Unknown
629,0.178571322,3.797616787,0,Unknown
630,0.214285489,4.206762489,0,Unknown
631,0.257143041,3.814288439,0,Unknown
632,0.151260472,3.894957165,0,Unknown
633,0.177215145,3.784809168,0,Unknown
634,0.102127651,3.919148603,0,Unknown
635,0.253164493,4.050631886,0,Unknown
636,0.164179301,3.611944611,0,Unknown
637,0.13452919,3.565023541,0,Unknown
638,0.219178172,3.917809829,0,Unknown
639,0.13636368,3.613637513,0,Unknown
640,0.110091799,3.70183673,0,Unknown
641,0.139240471,3.89873319,0,Unknown
642,0.086776834,3.731403879,0,Unknown
643,0.132158602,3.621145693,0,Unknown
644,0.159090764,3.886360103,0,Unknown
645,0.208955473,3.447765311,0,Unknown
646,0.166051464,3.697412608,0,Unknown
647,0.172775131,3.455502629,0,Unknown
648,0.113744162,3.568723085,0,Unknown
649,0.214285587,4.083330903,0,Unknown
650,0.13740446,3.916027097,0,Unknown
651,0.185022043,3.806167736,0,Unknown
652,0.134146276,3.743900613,0,Unknown
653,0.126050394,3.59243622,0,Unknown
654,0.171428694,3.700002643,0,Unknown
655,0.263999852,3.947997789,0,Unknown
656,0.101694898,3.737287502,0,Unknown
657,0.206896534,3.853447944,0,Unknown
658,0.211453763,3.740088435,0,Unknown
659,0.160714322,3.683036536,0,Unknown
660,0.132743386,3.809735188,0,Unknown
661,0.104651297,3.087213251,0,Unknown
662,0.110599129,3.552997029,0,Unknown
663,0.221675095,3.413796467,0,Unknown
664,0.192660648,3.784405579,0,Unknown
665,0.181395442,3.711629806,0,Unknown
666,0.184834263,3.668249227,0,Unknown
667,0.066371693,3.610620108,0,Unknown
668,0.165957433,3.880850734,0,Unknown
669,0.081081195,3.145950367,0,Unknown
670,0.1551724,3.931034144,0,Unknown
671,0.185022043,3.713656715,0,Unknown
672,0.045000052,3.480004002,0,Unknown
673,0.141891657,4.206074118,0,Unknown
674,0.18292674,3.829266425,0,Unknown
675,0.185184842,3.842585477,0,Unknown
676,0.092511021,3.845815317,0,Unknown
677,0.093750146,3.60938064,0,Unknown
678,0.158590322,3.779736016,0,Unknown
679,0.111111173,3.652779807,0,Unknown
680,0.113207622,3.721700571,0,Unknown
681,0.161435028,4.049328625,0,Unknown
682,0.192307668,3.641025174,0,Unknown
683,0.175675723,3.864865909,0,Unknown
684,0.181034467,3.788792777,0,Unknown
685,0.183452993,4.19783614,0,Unknown
686,0.210331855,3.985235147,0,Unknown
687,0.112499972,3.962499009,0,Unknown
688,0.172042789,4.376338439,0,Unknown
689,0.301158069,4.019301916,0,Unknown
690,0.1163793,3.672413477,0,Unknown
691,0.069124456,3.857144635,0,Unknown
692,0.157205247,3.72052418,0,Unknown
693,0.118226717,3.620693222,0,Unknown
694,0.158590322,3.674009134,0,Unknown
695,0.152542347,3.749999364,0,Unknown
696,0.080000021,3.640000971,0,Unknown
697,0.139240471,3.708859821,0,Unknown
698,0.122727312,3.695455721,0,Unknown
699,0.142241367,3.76293071,0,Unknown
700,0.15566048,4.117927248,0,Unknown
701,0.18604636,3.988368847,0,Unknown
702,0.208333449,3.888891049,0,Unknown
703,0.147541201,3.44262803,0,Unknown
704,0.146017725,3.969027251,0,Unknown
705,0.196506559,3.86462899,0,Unknown
706,0.141025623,4.051281532,0,Unknown
707,0.226666727,4.013334404,0,Unknown
708,0.149321321,3.705883694,0,Unknown
709,0.18090475,3.437190248,0,Unknown
710,0.271428765,3.657145469,0,Unknown
711,0.113744162,3.625595166,0,Unknown
712,0.130434896,3.594206024,0,Unknown
713,0.119469048,3.98230159,0,Unknown
714,0.160000043,3.880001035,0,Unknown
715,0.128755359,3.785407563,0,Unknown
716,0.21794869,4.166666132,0,Unknown
717,0.166666759,3.694446497,0,Unknown
718,0.147321461,3.495536495,0,Unknown
719,0.161538325,4.119227284,0,Unknown
720,0.103448267,3.698275543,0,Unknown
721,0.147321461,3.857143718,0,Unknown
722,0.100418381,3.489538727,0,Unknown
723,0.18987337,3.974682538,0,Unknown
724,0.165254209,3.826270538,0,Unknown
725,0.194444552,3.916668843,0,Unknown
726,0.241071482,3.750000837,0,Unknown
727,0.12442402,3.483872573,0,Unknown
728,0.202702757,3.945947012,0,Unknown
729,0.230769128,3.93522092,0,Unknown
730,0.211453763,3.806167736,0,Unknown
731,0.102564089,3.935896931,0,Unknown
732,0.092592695,3.222225802,0,Unknown
733,0.177966072,3.813558676,0,Unknown
734,0.101449364,3.927539647,0,Unknown
735,0.244635183,3.88841185,0,Unknown
736,0.244635183,3.991416138,0,Unknown
737,0.241706344,3.781993389,0,Unknown
738,0.050847449,3.95338916,0,Unknown
739,0.082352883,4.152938245,0,Unknown
740,0.219827567,3.827585877,0,Unknown
741,0.203883693,3.597090871,0,Unknown
742,0.125000069,3.76389098,0,Unknown
743,0.095454576,3.722728457,0,Unknown
744,0.227091489,3.920316226,0,Unknown
745,0.256410224,3.92307642,0,Unknown
746,0.156398223,3.81042943,0,Unknown
747,0.145374462,3.832599457,0,Unknown
748,0.147058975,3.500003603,0,Unknown
749,0.094170433,3.57847646,0,Unknown
750,0.195980146,3.75377356,0,Unknown
751,0.060913786,3.411172015,0,Unknown
752,0.135000155,3.525004054,0,Unknown
753,0.106666695,3.826667687,0,Unknown
754,0.27272736,3.927273977,0,Unknown
755,0.108597324,3.760182357,0,Unknown
756,0.210280502,3.742992928,0,Unknown
757,0.228571592,3.62857402,0,Unknown
758,0.165957433,3.75319117,0,Unknown
759,0.180257503,3.759656491,0,Unknown
760,0.21348293,4.112355392,0,Unknown
761,0.108870911,3.919352784,0,Unknown
762,0.071090101,3.540287045,0,Unknown
763,0.088607573,3.392404204,0,Unknown
764,0.118942742,3.687224994,0,Unknown
765,0.224999944,3.762499059,0,Unknown
766,0.143540787,3.588519665,0,Unknown
767,0.136363802,3.363640441,0,Unknown
768,0.121457436,3.97165815,0,Unknown
769,0.111111173,3.388890772,0,Unknown
770,0.153061443,3.596943914,0,Unknown
771,0.070754764,3.636794854,0,Unknown
772,0.131004373,3.903930301,0,Unknown
773,0.249097158,4.483748847,0,Unknown
774,0.16455692,3.493670002,0,Unknown
775,0.153191476,3.548935868,0,Unknown
776,0.184210551,3.842105769,0,Unknown
777,0.176470551,3.529411023,0,Unknown
778,0.126168301,3.630843327,0,Unknown
779,0.153488451,3.54418786,0,Unknown
780,0.174273801,3.473027893,0,Unknown
781,0.28085104,3.651063519,0,Unknown
782,0.083333284,4.047616638,0,Unknown
783,0.085714347,3.657145469,0,Unknown
784,0.219895622,3.424088969,0,Unknown
785,0.090909091,3.506493506,0,Unknown
786,0.102127651,3.880850734,0,Unknown
787,0.119205401,3.397353918,0,Unknown
788,0.233945072,3.619267881,0,Unknown
789,0.174999956,3.787499053,0,Unknown
790,0.205479536,3.328768491,0,Unknown
791,0.166666759,3.611113117,0,Unknown
792,0.182608712,3.730435107,0,Unknown
793,0.17333338,3.506667602,0,Unknown
794,0.107142881,3.642857956,0,Unknown
795,0.167910266,3.884324155,0,Unknown
796,0.23502315,3.898619308,0,Unknown
797,0.081447993,3.638010367,0,Unknown
798,0.111627964,3.69767631,0,Unknown
799,0.202072832,3.637310976,0,Unknown
800,0.1500002,3.466671289,0,Unknown
801,0.127118623,3.635592604,0,Unknown
802,0.156398223,3.668249227,0,Unknown
803,0.171052654,3.710526804,0,Unknown
804,0.165137698,3.633029356,0,Unknown
805,0.218623384,3.655868817,0,Unknown
806,0.250000139,3.527779738,0,Unknown
807,0.206521492,3.880430143,0,Unknown
808,0.099526142,3.454978923,0,Unknown
809,0.19999995,3.674999081,0,Unknown
810,0.084677375,3.834675409,0,Unknown
811,0.084112201,3.490656326,0,Unknown
812,0.141509527,3.551889138,0,Unknown
813,0.117187408,3.562497217,0,Unknown
814,0.227678622,3.803572278,0,Unknown
815,0.144736861,3.736842597,0,Unknown
816,0.159183608,3.624488317,0,Unknown
817,0.107623352,3.618835217,0,Unknown
818,0.170305684,3.786026366,0,Unknown
819,0.176470796,3.335298042,0,Unknown
820,0.128755359,3.476394701,0,Unknown
821,0.150579034,3.694977842,0,Unknown
822,0.163865512,3.478990866,0,Unknown
823,0.086124472,3.387562564,0,Unknown
824,0.208955473,3.626870002,0,Unknown
825,0.121076271,3.524664784,0,Unknown
826,0.220408073,3.84489639,0,Unknown
827,0.133828857,3.736055591,0,Unknown
828,0.162499959,3.862499034,0,Unknown
829,0.111940177,3.895518173,0,Unknown
830,0.176470551,3.680671496,0,Unknown
831,0.20168063,4.033612598,0,Unknown
832,0.106060735,3.136367438,0,Unknown
833,0.14338219,3.716907529,0,Unknown
834,0.18090475,3.618094998,0,Unknown
835,0.157342432,4.206287676,0,Unknown
836,0.151898696,3.202530835,0,Unknown
837,0.133005057,3.517244845,0,Unknown
838,0.16935475,4.004030159,0,Unknown
839,0.156250244,3.453130396,0,Unknown
840,0.12442402,3.691245941,0,Unknown
841,0.118421068,3.526316253,0,Unknown
842,0.129310334,3.775861743,0,Unknown
843,0.111111173,3.708335394,0,Unknown
844,0.197368447,3.657895218,0,Unknown
845,0.221401953,4.029515537,0,Unknown
846,0.074626955,3.701496957,0,Unknown
847,0.221198259,3.898619308,0,Unknown
848,0.181395442,3.753490292,0,Unknown
849,0.211453763,3.779736016,0,Unknown
850,0.1163793,3.400861776,0,Unknown
851,0.129310334,3.749999677,0,Unknown
852,0.029556679,3.620693222,0,Unknown
853,0.094488219,2.97637889,0,Unknown
854,0.241935357,3.931449552,0,Unknown
855,0.190677934,3.635592604,0,Unknown
856,0.088983036,3.889829849,0,Unknown
857,0.162561737,3.665028241,0,Unknown
858,0.148648689,3.52702798,0,Unknown
859,0.176470652,4.099548995,0,Unknown
860,0.178899173,3.440368708,0,Unknown
862,0.223140431,3.892560858,0,Unknown
864,0.1163793,3.400861776,0,Unknown
865,0.118421068,3.710526804,0,Unknown
866,0.144736861,3.789474183,0,Unknown
867,0.178571322,3.892854826,0,Unknown
868,0.201923261,3.620195615,0,Unknown
869,0.097165949,3.497974151,0,Unknown
870,0.107142881,3.883929438,0,Unknown
871,0.282511299,3.968611111,0,Unknown
872,0.14410481,3.537118058,0,Unknown
873,0.216101658,3.711863778,0,Unknown
874,0.256097436,3.695120149,0,Unknown
875,0.158653991,3.966349777,0,Unknown
876,0.176470852,3.417117416,0,Unknown
877,0.163636416,3.736364825,0,Unknown
878,0.170616243,3.568723085,0,Unknown
879,0.136986358,3.65753575,0,Unknown
880,0.221198259,3.580646811,0,Unknown
881,0.126582246,3.784809168,0,Unknown
882,0.117391315,3.860869901,0,Unknown
883,0.195402119,3.735628749,0,Unknown
884,0.145748923,3.534411381,0,Unknown
885,0.151515335,3.848489513,0,Unknown
886,0.176470652,3.366517056,0,Unknown
887,0.171052654,3.750000493,0,Unknown
888,0.11764718,3.617650783,0,Unknown
889,0.133928548,2.866070917,0,Unknown
890,0.158653991,4.110580678,0,Unknown
891,0.121457436,3.789471997,0,Unknown
892,0.116666822,3.216670956,0,Unknown
893,0.162162206,3.95946053,0,Unknown
894,0.138655433,3.491595905,0,Unknown
895,0.320512779,3.884614887,0,Unknown
896,0.184210551,3.671053115,0,Unknown
897,0.222707433,3.628821119,0,Unknown
898,0.224669623,3.674009134,0,Unknown
900,0.204255302,3.676595432,0,Unknown
901,0.246753247,4.012987013,0,Unknown
902,0.236111242,3.597224221,0,Unknown
903,0.168103434,3.76293071,0,Unknown
904,0.147982109,3.739911488,0,Unknown
905,0.199052284,3.696685268,0,Unknown
906,0.166666806,2.937502448,0,Unknown
907,0.141025623,3.512820062,0,Unknown
908,0.232044519,3.464093182,0,Unknown
909,0.171806183,3.568282253,0,Unknown
910,0.162162206,3.52702798,0,Unknown
911,0.051282051,2.41025641,0,Unknown
912,0.179487156,3.70512773,0,Unknown
913,0.127906873,3.523252946,0,Unknown
914,0.080357129,2.383928146,0,Unknown
915,0.178899173,3.591744932,0,Unknown
916,0.195652191,3.508695957,0,Unknown
917,0.146341642,3.256101532,0,Unknown
918,0.281250439,3.843756006,0,Unknown
919,0.100961631,3.793272696,0,Unknown
920,0.179487156,3.858973864,0,Unknown
921,0.129186708,3.631581901,0,Unknown
922,0.116278975,3.627904024,0,Unknown
923,0.145374462,3.700440855,0,Unknown
924,0.188340866,3.605382298,0,Unknown
925,0.202702757,4.067568667,0,Unknown
926,0.167381967,3.978540602,0,Unknown
927,0.130434794,3.078261137,0,Unknown
928,0.191489345,3.599999694,0,Unknown
929,0.175532186,3.303196585,0,Unknown
930,0.163636416,3.981819449,0,Unknown
931,0.127358575,3.622643902,0,Unknown
932,0.158536508,3.634144569,0,Unknown
933,0.26027408,3.931508465,0,Unknown
934,0.216101658,3.737287502,0,Unknown
935,0.156398223,3.682467247,0,Unknown
936,0.196428817,3.125003906,0,Unknown
937,0.102857272,3.531433011,0,Unknown
938,0.111111235,3.370374115,0,Unknown
939,0.270270343,3.851352392,0,Unknown
940,0.118421068,4.197368973,0,Unknown
941,0.185022043,3.753304295,0,Unknown
942,0.146017725,3.676991801,0,Unknown
943,0.118942742,3.779736016,0,Unknown
944,0.21794869,4.038461021,0,Unknown
945,0.203619983,3.746607691,0,Unknown
946,0.093750021,3.669643676,0,Unknown
947,0.184834263,3.739339328,0,Unknown
948,0.164705766,3.905879596,0,Unknown
949,0.11440676,3.635592604,0,Unknown
950,0.088983036,3.457626533,0,Unknown
951,0.174107182,3.883929438,0,Unknown
952,0.172042789,4.05375821,0,Unknown
953,0.227091489,3.812746574,0,Unknown
954,0.155378387,3.717129105,0,Unknown
955,0.198113338,3.707549618,0,Unknown
956,0.166666759,3.555557531,0,Unknown
957,0.104803498,3.641921556,0,Unknown
958,0.27272736,3.613637513,0,Unknown
959,0.191082997,3.286627553,0,Unknown
960,0.133758098,3.248410954,0,Unknown
961,0.192307668,3.641025174,0,Unknown
962,0.125000069,3.944446636,0,Unknown
963,0.15483888,3.290326189,0,Unknown
964,0.276150547,3.677823191,0,Unknown
965,0.151260472,3.894957165,0,Unknown
966,0.184615228,3.726919923,0,Unknown
967,0.169565232,3.743478586,0,Unknown
968,0.172566402,3.650443124,0,Unknown
969,0.226890794,2.873950063,0,Unknown
970,0.238806255,3.582093829,0,Unknown
971,0.133928601,3.763393697,0,Unknown
972,0.224299202,3.785049028,0,Unknown
973,0.279412052,3.588238988,0,Unknown
974,0.126760653,3.563382791,0,Unknown
975,0.239436788,3.915495715,0,Unknown
977,0.171052654,3.7236847,0,Unknown
979,0.105000121,3.615004157,0,Unknown
980,0.179487156,3.653845685,0,Unknown
981,0.133333511,3.283337711,0,Unknown
982,0.129496496,2.913671161,0,Unknown
983,0.113445354,3.352940472,0,Unknown
984,0.087378598,2.417474555,0,Unknown
985,0.250000333,3.416671222,0,Unknown
986,0.081818174,2.563636131,0,Unknown
987,0.160714487,3.51786154,0,Unknown
988,0.120000032,3.680000981,0,Unknown
989,0.202898727,3.521742193,0,Unknown
990,0.143540787,3.846893081,0,Unknown
991,0.235714471,3.128573887,0,Unknown
992,0.168367587,3.290821028,0,Unknown
993,0.073469358,3.281631314,0,Unknown
994,0.171428694,3.800002714,0,Unknown
995,0.207792208,3.649350649,0,Unknown
996,0.225000259,3.76500433,0,Unknown
997,0.160000043,3.706667655,0,Unknown
998,0.129496496,3.064750406,0,Unknown
999,0.108597324,3.570137039,0,Unknown
1000,0.087378598,2.708736549,0,Unknown
1001,0.132158602,3.39647607,0,Unknown
1002,0.108597324,3.488689046,0,Unknown
1003,0.04166669,3.500001944,0,Unknown
1004,0.157894758,3.907895251,0,Unknown
1005,0.111111173,3.500001944,0,Unknown
1006,0.037500045,3.468754119,0,Unknown
1007,0.148148093,3.691356658,0,Unknown
1008,0.20869567,3.730435107,0,Unknown
1009,0.102564089,3.217948305,0,Unknown
1010,0.214285883,3.064288122,0,Unknown
1011,0.189473963,3.757900275,0,Unknown
1012,0.125748654,3.215572713,0,Unknown
1013,0.201923261,3.461541624,0,Unknown
1014,0.075000019,2.8000007,0,Unknown
1015,0.071090101,3.597159126,0,Unknown
1016,0.164383629,3.342467127,0,Unknown
1017,0.163636416,3.777273929,0,Unknown
1018,0.147727138,3.704542087,0,Unknown
1019,0.105263158,2.842105263,0,Unknown
1020,0.177966117,2.567796828,0,Unknown
1021,0.195980146,3.57286881,0,Unknown
1022,0.203007626,3.022557982,0,Unknown
1023,0.191234938,3.717129105,0,Unknown
1024,0.126760653,3.591551825,0,Unknown
1025,0.184834263,3.454978923,0,Unknown
1026,0.181818182,4.012987013,0,Unknown
1027,0.090517234,3.400861776,0,Unknown
1028,0.094117581,3.823526713,0,Unknown
1029,0.121076271,3.511211865,0,Unknown
1030,0.136363815,3.545459179,0,Unknown
1031,0.242553171,3.995744341,0,Unknown
1032,0.128755359,3.566523452,0,Unknown
1033,0.188340866,3.672646893,0,Unknown
1034,0.167381967,3.862660778,0,Unknown
1035,0.160000043,3.573334286,0,Unknown
1036,0.168103434,3.594827276,0,Unknown
1037,0.062761488,3.589957108,0,Unknown
1038,0.09230782,3.692312805,0,Unknown
1039,0.166666759,3.819446566,0,Unknown
1040,0.153846134,3.525640574,0,Unknown
1041,0.146666706,3.520000939,0,Unknown
1042,0.294392702,3.939254729,0,Unknown
1043,0.109589086,3.726028929,0,Unknown
1044,0.147541201,3.737710433,0,Unknown
1045,0.125000031,3.00000075,0,Unknown
1046,0.12195116,3.634144569,0,Unknown
1047,0.11999994,2.57999871,0,Unknown
1048,0.147540917,3.36885094,0,Unknown
1049,0.20869567,2.947826343,0,Unknown
1050,0.273972715,3.7534262,0,Unknown
1051,0.118110273,2.905512726,0,Unknown
1052,0.106194681,2.654867022,0,Unknown
1053,0.191176667,3.794121553,0,Unknown
1054,0.156250244,3.640630688,0,Unknown
1055,0.11594213,3.536234959,0,Unknown
1056,0.090909036,2.787877098,0,Unknown
1057,0.187499854,3.867184479,0,Unknown
1058,0.107623352,4.008969868,0,Unknown
1059,0.201492658,3.201494449,0,Unknown
1060,0.195348937,3.530234364,0,Unknown
1061,0.180555656,3.361112978,0,Unknown
1062,0.144230901,3.576926344,0,Unknown
1063,0.188340866,4.089687382,0,Unknown
1064,0.172566402,3.570797092,0,Unknown
1065,0.15126053,2.722689533,0,Unknown
1066,0.132353077,3.338238731,0,Unknown
1067,0.054298662,3.882354347,0,Unknown
1068,0.12406002,3.789469695,0,Unknown
1070,0.267327024,3.846538843,0,Unknown
1071,0.135000155,3.780004347,0,Unknown
1072,0.214285867,3.657145469,0,Unknown
1073,0.128755359,3.373390413,0,Unknown
1074,0.206106949,3.229008866,0,Unknown
1075,0.189320572,3.466022783,0,Unknown
1076,0.158653991,3.432695443,0,Unknown
1077,0.152284465,3.502542694,0,Unknown
1078,0.208955473,3.462690702,0,Unknown
1079,0.191780901,3.424658942,0,Unknown
1080,0.194805397,3.642860928,0,Unknown
1081,0.064516087,2.419353278,0,Unknown
1082,0.137056018,3.532999587,0,Unknown
1083,0.128834506,3.441721803,0,Unknown
1084,0.236111242,3.597224221,0,Unknown
1085,0.141025623,3.564102107,0,Unknown
1086,0.045454566,2.863637665,0,Unknown
1087,0.184834263,3.952609632,0,Unknown
1088,0.153191476,3.599999694,0,Unknown
1089,0.200000277,3.661543531,0,Unknown
1090,0.18090475,3.723622768,0,Unknown
1091,0.175675723,3.554055015,0,Unknown
1092,0.156521753,2.739130673,0,Unknown
1094,0.173077081,3.562503254,0,Unknown
1095,0.155172441,2.508621122,0,Unknown
1096,0.102272669,2.318180501,0,Unknown
1097,0.163179869,3.891212249,0,Unknown
1098,0.190677934,4.080507783,0,Unknown
1099,0.050000013,2.725000681,0,Unknown
1100,0.181034514,2.689655636,0,Unknown
1101,0.160000043,3.680000981,0,Unknown
1102,0.201219758,3.384150468,0,Unknown
1103,0.193916165,3.798475477,0,Unknown
1104,0.13452919,3.71300565,0,Unknown
1105,0.092664021,3.77605886,0,Unknown
1106,0.138888966,3.972224429,0,Unknown
1107,0.206896587,2.586207342,0,Unknown
1108,0.163179869,3.364015751,0,Unknown
1109,0.191999892,3.599997984,0,Unknown
1110,0.179723585,3.829494852,0,Unknown
1111,0.123711276,2.226802976,0,Unknown
1112,0.159090981,3.204546911,0,Unknown
1113,0.157894737,2.368421053,0,Unknown
1114,0.128342438,3.705887902,0,Unknown
1115,0.113636415,2.863637665,0,Unknown
1116,0.165137584,2.477063766,0,Unknown
1117,0.107142838,2.973213755,0,Unknown
1118,0.145833455,2.895835747,0,Unknown
1119,0.258992992,3.345326148,0,Unknown
1120,0.118811834,2.554454434,0,Unknown
1121,0.030927819,2.474225529,0,Unknown
1122,0.249999773,3.874996477,0,Unknown
1125,0.176470652,3.447965049,0,Unknown
1126,0.170616243,3.511851004,0,Unknown
1127,0.103448294,2.767241856,0,Unknown
1128,0.096774131,2.483869365,0,Unknown
1129,0.104347835,2.556521961,0,Unknown
1130,0.197605027,3.574854581,0,Unknown
1131,0.203007626,3.045114385,0,Unknown
1132,0.197183237,3.676058927,0,Unknown
1133,0.099056669,3.679247713,0,Unknown
1134,0.199999943,2.77142778,0,Unknown
1135,0.239264083,3.515341521,0,Unknown
1136,0.250000333,3.816671756,0,Unknown
1138,0.166666645,3.717948241,0,Unknown
1139,0.171428706,3.150002475,0,Unknown
1142,0.148515013,3.59406332,0,Unknown
1143,0.267857203,3.870536578,0,Unknown
1144,0.142180203,3.511851004,0,Unknown
1145,0.176470484,2.558822024,0,Unknown
1146,0.156249902,2.781248262,0,Unknown
1147,0.195348937,3.962792725,0,Unknown
1148,0.118226717,3.73891994,0,Unknown
1149,0.085714347,3.757145541,0,Unknown
1150,0.149999925,2.93999853,0,Unknown
1151,0.09292037,3.69026614,0,Unknown
1154,0.130434794,3.391304643,0,Unknown
1155,0.166666746,3.142858639,0,Unknown
1156,0.090909132,3.136365062,0,Unknown
1157,0.094170433,3.511211865,0,Unknown
1158,0.201793785,3.551570622,0,Unknown
1159,0.190476281,2.976191893,0,Unknown
1160,0.176470551,3.718486614,0,Unknown
1161,0.153846367,3.538466438,0,Unknown
1162,0.147982109,3.57847646,0,Unknown
1163,0.152073803,3.760370396,0,Unknown
1164,0.115384571,2.30769142,0,Unknown
1165,0.114285796,3.600002571,0,Unknown
1166,0.163043354,2.445650313,0,Unknown
1167,0.149999925,2.249998875,0,Unknown
1168,0.13888885,2.805554776,0,Unknown
1169,0.253521305,3.66197441,0,Unknown
1170,0.062499961,2.65624834,0,Unknown
1171,0.14876038,2.876034009,0,Unknown
1172,0.265193736,3.745861527,0,Unknown
1173,0.188340866,3.591929379,0,Unknown
1174,0.168831169,3.532467532,0,Unknown
1175,0.100000025,3.025000756,0,Unknown
1177,0.247706547,3.688075255,0,Unknown
1178,0.210000242,3.660004209,0,Unknown
1179,0.131250156,3.412504052,0,Unknown
1180,0.115384721,3.750003425,0,Unknown
1181,0.151079245,3.172664153,0,Unknown
1182,0.144736861,3.421053082,0,Unknown
1183,0.175000044,3.250000813,0,Unknown
1184,0.176470551,3.655461417,0,Unknown
1185,0.133663512,3.59406332,0,Unknown
1186,0.162162162,2.783783784,0,Unknown
1187,0.05853664,3.453661738,0,Unknown
1188,0.134146276,3.646339685,0,Unknown
1189,0.168224401,3.742992928,0,Unknown
1190,0.101694898,3.572033293,0,Unknown
1191,0.09459462,3.581082049,0,Unknown
1194,0.171806183,3.581498113,0,Unknown
1195,0.078260876,2.817391549,0,Unknown
1196,0.178218016,3.415845304,0,Unknown
1197,0.206477641,3.558702869,0,Unknown
1198,0.163366515,3.415845304,0,Unknown
1199,0.237409756,4.014383146,0,Unknown
1200,0.094488219,3.094489164,0,Unknown
1201,0.181034467,3.56896521,0,Unknown
1202,0.149999873,3.680766116,0,Unknown
1203,0.123456744,3.580245588,0,Unknown
1204,0.182243101,3.644862027,0,Unknown
1205,0.158590322,3.726872575,0,Unknown
1206,0.093749941,2.562498398,0,Unknown
1207,0.156249902,2.68749832,0,Unknown
1208,0.187500073,2.835938608,0,Unknown
1209,0.206896756,3.605914883,0,Unknown
1210,0.107142838,2.598213822,0,Unknown
1211,0.201793785,3.618835217,0,Unknown
1212,0.239264083,3.496936592,0,Unknown
1213,0.180451223,3.270678413,0,Unknown
1214,0.171428787,3.754290434,0,Unknown
1215,0.206008575,3.643776668,0,Unknown
1216,0.129310367,2.844828077,0,Unknown
1217,0.246154187,3.400004708,0,Unknown
1218,0.139534955,3.809304275,0,Unknown
1219,0.165137698,3.247708061,0,Unknown
1220,0.081081103,3.567568532,0,Unknown
1221,0.215246704,3.605382298,0,Unknown
1223,0.140186863,2.943924133,0,Unknown
1224,0.129729912,3.681086254,0,Unknown
1225,0.125874223,3.461541124,0,Unknown
1227,0.156398223,3.82464745,0,Unknown
1228,0.076923077,2.743589744,0,Unknown
1229,0.133333369,3.453334254,0,Unknown
1230,0.136986358,3.506850756,0,Unknown
1231,0.166666806,3.104169253,0,Unknown
1232,0.161764872,3.63235668,0,Unknown
1233,0.106060735,3.484852709,0,Unknown
1234,0.116504798,2.300969757,0,Unknown
1235,0.200000143,3.414288153,0,Unknown
1236,0.121212048,2.272725895,0,Unknown
1237,0.142857321,3.410718549,0,Unknown
1238,0.167598009,3.452518981,0,Unknown
1239,0.150000048,3.177273738,0,Unknown
1240,0.188976437,3.047245054,0,Unknown
1241,0.206422123,3.646790831,0,Unknown
1242,0.105263158,2.5,0,Unknown
1243,0.198113338,3.438681516,0,Unknown
1244,0.098360611,3.614752469,0,Unknown
1245,0.250995856,3.322707045,0,Unknown
1246,0.225663757,3.557522754,0,Unknown
1247,0.142180203,3.582941106,0,Unknown
1248,0.115384721,3.403849263,0,Unknown
1249,0.145946151,3.25946404,0,Unknown
1250,0.103896104,3.61038961,0,Unknown
1251,0.209790371,3.000002308,0,Unknown
1252,0.257510719,3.708154347,0,Unknown
1253,0.129310367,3.051724664,0,Unknown
1254,0.200836761,3.677823191,0,Unknown
1255,0.144230714,3.173075703,0,Unknown
1256,0.224299202,3.757011628,0,Unknown
1257,0.087866083,3.502091024,0,Unknown
1258,0.160975759,3.629271656,0,Unknown
1259,0.11999994,2.669998665,0,Unknown
1260,0.090909091,3.857142857,0,Unknown
1261,0.102564103,2.256410256,0,Unknown
1263,0.197674258,3.662787716,0,Unknown
1264,0.164062372,3.855465738,0,Unknown
1265,0.228699623,3.645741055,0,Unknown
1266,0.130434683,2.282606959,0,Unknown
1267,0.191176667,3.323532833,0,Unknown
1268,0.12558146,3.432559896,0,Unknown
1269,0.118421068,3.605263632,0,Unknown
1270,0.189873298,2.620251506,0,Unknown
1271,0.08333331,2.916665856,0,Unknown
1272,0.172414031,3.517246231,0,Unknown
1273,0.157894667,3.546557125,0,Unknown
1274,0.161764872,3.63235668,0,Unknown
1276,0.172661995,3.302160649,0,Unknown
1278,0.142857245,3.814288439,0,Unknown
1279,0.116504798,2.67961035,0,Unknown
1280,0.248407896,3.305735853,0,Unknown
1281,0.108695723,3.000001957,0,Unknown
1283,0.135746655,3.71945836,0,Unknown
1284,0.228915525,3.602407468,0,Unknown
1285,0.05999997,2.3999988,0,Unknown
1286,0.161764872,3.661768475,0,Unknown
1287,0.118226717,3.576358203,0,Unknown
1288,0.14062522,3.578130591,0,Unknown
1289,0.083720973,3.460466887,0,Unknown
1290,0.219827567,3.543103143,0,Unknown
1291,0.174757451,3.524275266,0,Unknown
1293,0.165898694,3.552997029,0,Unknown
1294,0.121621654,3.648649635,0,Unknown
1295,0.169811433,3.523587233,0,Unknown
1296,0.174887947,3.766817326,0,Unknown
1297,0.130434794,2.634782838,0,Unknown
1298,0.186528768,3.295341568,0,Unknown
1299,0.16167684,3.502998207,0,Unknown
1300,0.155378387,3.66932037,0,Unknown
1301,0.123077093,3.476927891,0,Unknown
1302,0.188405961,3.84058305,0,Unknown
1303,0.219178172,3.452056213,0,Unknown
1304,0.145631209,3.728158959,0,Unknown
1305,0.153846154,2.641025641,0,Unknown
1306,0.228813579,2.89830533,0,Unknown
1307,0.268085084,3.880850734,0,Unknown
1308,0.188811334,3.12587653,0,Unknown
1309,0.187500171,3.692311065,0,Unknown
1310,0.18292674,3.817071309,0,Unknown
1311,0.13888885,2.277777145,0,Unknown
1312,0.192660648,3.784405579,0,Unknown
1313,0.139534955,3.516280869,0,Unknown
1314,0.173077081,3.692311065,0,Unknown
1315,0.162561737,3.871924997,0,Unknown
1316,0.275109182,3.72052418,0,Unknown
1317,0.167381967,3.618025596,0,Unknown
1318,0.146341392,3.536583641,0,Unknown
1319,0.178808101,3.437089052,0,Unknown
1320,0.197368447,3.578947839,0,Unknown
1321,0.17647077,3.764709758,0,Unknown
1323,0.232876808,3.49315212,0,Unknown
1324,0.05999997,2.429998785,0,Unknown
1325,0.135000155,3.510004037,0,Unknown
1326,0.181034514,2.922414297,0,Unknown
1327,0.107913747,3.086333156,0,Unknown
1329,0.146341599,3.643905816,0,Unknown
1330,0.133928548,2.303571017,0,Unknown
1331,0.183673732,4.025515955,0,Unknown
1332,0.108108108,2.432432432,0,Unknown
1333,0.119403128,3.656720784,0,Unknown
1334,0.220588462,3.602944885,0,Unknown
1335,0.081081103,3.6216226,0,Unknown
1336,0.103448378,3.428574806,0,Unknown
1337,0.159420428,3.84058305,0,Unknown
1339,0.082568849,3.481653133,0,Unknown
1340,0.104347835,2.58260892,0,Unknown
1342,0.124999922,2.187498633,0,Unknown
1343,0.200957101,3.789476767,0,Unknown
1344,0.201219758,3.713419163,0,Unknown
1345,0.229729792,3.675676669,0,Unknown
1346,0.116504798,2.417474555,0,Unknown
1347,0.137614654,2.779816004,0,Unknown
1348,0.236220547,3.070867109,0,Unknown
1349,0.127659507,2.712764514,0,Unknown
1350,0.144927662,3.942032413,0,Unknown
1351,0.151162668,3.953485154,0,Unknown
1352,0.124138042,3.144830406,0,Unknown
1354,0.165137698,3.495414608,0,Unknown
1355,0.222707433,3.681222868,0,Unknown
1356,0.227272831,3.295456043,0,Unknown
1358,0.112149491,3.22429786,0,Unknown
1359,0.28000028,3.62000362,0,Unknown
1360,0.161290557,3.387101691,0,Unknown
1361,0.250995856,3.5019898,0,Unknown
1362,0.108108108,3.0,0,Unknown
1363,0.239264083,3.404911944,0,Unknown
1364,0.113207526,2.91509379,0,Unknown
1365,0.103960509,3.668320827,0,Unknown
1366,0.219827567,3.60775831,0,Unknown
1367,0.116504798,2.388348355,0,Unknown
1368,0.181395442,3.795350779,0,Unknown
1369,0.153846302,3.403849427,0,Unknown
1370,0.075630265,3.176471122,0,Unknown
1371,0.115384571,2.82692199,0,Unknown
1372,0.176470652,3.556562373,0,Unknown
1373,0.105000121,3.43500395,0,Unknown
1374,0.13452919,3.565023541,0,Unknown
1375,0.144230714,2.711537419,0,Unknown
1376,0.270386254,3.630901132,0,Unknown
1377,0.158940534,3.417221485,0,Unknown
1378,0.227273003,3.636368044,0,Unknown
1379,0.147058737,2.999998235,0,Unknown
1380,0.156398223,3.511851004,0,Unknown
1381,0.189075591,3.441175748,0,Unknown
1382,0.18090475,3.814075143,0,Unknown
1383,0.114285682,2.82857062,0,Unknown
1384,0.217194649,3.502263711,0,Unknown
1385,0.104803498,3.641921556,0,Unknown
1386,0.062500052,3.187502656,0,Unknown
1387,0.19444439,2.861110316,0,Unknown
1388,0.09574463,2.234041365,0,Unknown
1389,0.120967781,3.120968749,0,Unknown
1390,0.115384601,3.358973928,0,Unknown
1391,0.058252484,3.451459662,0,Unknown
1392,0.201922999,2.62499899,0,Unknown
1393,0.1648354,3.346158626,0,Unknown
1395,0.205882565,3.647062578,0,Unknown
1396,0.25000024,3.538464941,0,Unknown
1397,0.100840353,2.672269357,0,Unknown
1398,0.216101658,3.826270538,0,Unknown
1399,0.230769314,3.665159698,0,Unknown
1400,0.105726882,3.832599457,0,Unknown
1401,0.088235242,2.588233772,0,Unknown
1402,0.143712747,3.46707002,0,Unknown
1403,0.125000031,2.975000744,0,Unknown
1404,0.100840353,2.596639092,0,Unknown
1405,0.157894667,3.619431586,0,Unknown
1406,0.130434794,2.765217632,0,Unknown
1408,0.14925391,3.582093829,0,Unknown
1409,0.096774143,3.713707731,0,Unknown
1411,0.129310367,2.87069015,0,Unknown
1412,0.096153939,3.519234153,0,Unknown
1413,0.169811289,2.745282501,0,Unknown
1415,0.217742006,2.927420299,0,Unknown
1417,0.17999991,2.75999862,0,Unknown
1418,0.109756031,2.451218018,0,Unknown
1421,0.140186863,2.551400915,0,Unknown
1422,0.206896737,3.39310649,0,Unknown
1424,0.14876038,3.099174578,0,Unknown
1425,0.136363802,3.742428779,0,Unknown
1429,0.113636415,3.204546911,0,Unknown
1430,0.171428501,3.440814922,0,Unknown
1431,0.201219758,3.676833752,0,Unknown
1432,0.153409291,3.528413702,0,Unknown
1434,0.225000056,3.300000825,0,Unknown
1435,0.125000195,3.593755615,0,Unknown
1437,0.152542386,3.177966371,0,Unknown
1439,0.107142838,2.758928079,0,Unknown
1440,0.106194681,2.681415692,0,Unknown
1441,0.103448205,2.103446825,0,Unknown
1442,0.084112118,2.887849388,0,Unknown
1443,0.214285883,3.08571671,0,Unknown
1444,0.135135135,2.783783784,0,Unknown
1445,0.05555554,2.555554846,0,Unknown
1446,0.069767409,2.999998605,0,Unknown
1448,0.191176667,3.441180013,0,Unknown
1449,0.05454545,2.836363379,0,Unknown
1451,0.159090981,2.977274081,0,Unknown
1452,0.18090475,3.482416435,0,Unknown
1453,0.059405917,2.405939641,0,Unknown
1454,0.058252399,2.563105552,0,Unknown
1455,0.093749941,2.343748535,0,Unknown
1456,0.185840692,2.707964362,0,Unknown
1457,0.146341499,3.024390982,0,Unknown
1458,0.128205128,3.102564103,0,Unknown
1459,0.183673732,3.612250058,0,Unknown
1460,0.201922999,2.509614419,0,Unknown
1461,0.058252399,2.737862749,0,Unknown
1462,0.080357129,2.785713788,0,Unknown
1463,0.223880864,3.313436792,0,Unknown
1464,0.09292037,4.008850267,0,Unknown
1465,0.211453763,3.687224994,0,Unknown
1466,0.17647077,3.485297705,0,Unknown
1467,0.164383629,3.534248028,0,Unknown
1468,0.13888885,2.805554776,0,Unknown
1469,0.195918287,3.746937246,0,Unknown
1470,0.122950764,3.504096781,0,Unknown
1471,0.109589086,3.438357577,0,Unknown
1475,0.248804899,4.880403791,0,Unknown
1476,0.29228011,4.555157944,0,Unknown
1477,0.211503215,4.786651698,0,Unknown
1478,0.36305877,4.853522506,0,Unknown
1480,0.244093719,4.251955112,0,Unknown
1483,0.218371603,4.487016508,0,Unknown
1487,0.225610031,4.786591203,0,Unknown
1488,0.360236717,4.665360759,0,Unknown
1489,0.301888074,4.297188054,0,Unknown
1490,0.17030564,4.349344029,0,Unknown
1491,0.252809557,4.297762467,0,Unknown
1492,0.344427218,4.831964443,0,Unknown
1493,0.265403976,4.673005714,0,Unknown
1495,0.245218116,4.700883463,0,Unknown
1499,0.303644032,4.712555377,0,Unknown
1500,0.309416971,4.674886844,0,Unknown
1501,0.248705436,4.673589659,0,Unknown
1502,0.219101616,4.303380457,0,Unknown
1504,0.28685299,4.673313289,0,Unknown
1505,0.263060241,4.908592163,0,Unknown
1506,0.256410256,4.557692308,0,Unknown
1507,0.285192634,4.716647407,0,Unknown
1508,0.186045935,4.558125401,0,Unknown
1509,0.332673728,4.835650267,0,Unknown
1511,0.069078834,4.085519596,0,Unknown
1512,0.108280324,4.242040918,0,Unknown
1514,0.314786675,4.306854051,0,Unknown
1515,0.249654644,4.169232562,0,Unknown
1516,0.216367358,3.998635221,0,Unknown
1517,0.17059734,3.682406005,0,Unknown
1518,0.170956291,4.439348844,0,Unknown
1519,0.275189294,4.22708801,0,Unknown
1520,0.183080073,3.898773364,0,Unknown
1521,0.244792432,4.80209834,0,Unknown
1522,0.184524029,4.660719834,0,Unknown
1523,0.236335355,4.562719304,0,Unknown
1524,0.143058266,3.892026353,0,Unknown
1525,0.178919162,3.782267863,0,Unknown
1526,0.216367358,3.773946041,0,Unknown
1527,0.220528269,3.994474311,0,Unknown
1528,0.136585899,3.995137542,0,Unknown
1529,0.233011001,3.957026114,0,Unknown
1530,0.203884626,3.882129721,0,Unknown
1531,0.159049738,4.031088191,0,Unknown
1532,0.195562805,3.836359702,0,Unknown
1533,0.258374318,4.172266771,0,Unknown
1534,0.188455616,3.97284813,0,Unknown
1535,0.136612395,4.032797904,0,Unknown
1536,0.208624277,4.164140574,0,Unknown
1537,0.209416434,3.974042102,0,Unknown
1538,0.170923648,3.954819575,0,Unknown
1539,0.233899098,4.169505659,0,Unknown
1540,0.206731564,4.110592733,0,Unknown
1541,0.182986317,4.213500731,0,Unknown
1542,0.143312672,4.117850788,0,Unknown
1543,0.227586952,3.956909514,0,Unknown
1544,0.297946226,4.140425138,0,Unknown
1545,0.18881175,4.138124187,0,Unknown
1546,0.259532086,4.271282291,0,Unknown
1547,0.300449913,4.237689065,0,Unknown
1548,0.181651843,3.891753116,0,Unknown
1549,0.201492951,4.197769809,0,Unknown
1550,0.174757553,4.159229762,0,Unknown
1551,0.159633438,4.122946371,0,Unknown
1552,0.163543998,3.904612963,0,Unknown
1553,0.17680642,4.106471685,0,Unknown
1554,0.249098102,3.980154462,0,Unknown
1555,0.211428934,4.045721221,0,Unknown
1556,0.179191062,3.79191409,0,Unknown
1557,0.245493734,4.219163491,0,Unknown
1558,0.139806042,3.972821705,0,Unknown
1559,0.218701342,4.045974826,0,Unknown
1560,0.170886779,4.053814145,0,Unknown
1561,0.168540273,4.10395564,0,Unknown
1562,0.201724799,3.894840345,0,Unknown
1563,0.197116143,4.110592733,0,Unknown
1564,0.257976466,4.173393472,0,Unknown
1565,0.188680046,3.962280972,0,Unknown
1566,0.29646162,4.199135483,0,Unknown
1567,0.168082036,4.01359529,0,Unknown
1568,0.204236964,4.107432274,0,Unknown
1569,0.253379192,4.464541356,0,Unknown
1570,0.231203442,3.806398132,0,Unknown
1571,0.196428805,3.910718941,0,Unknown
1572,0.231840297,4.191672575,0,Unknown
1573,0.204762782,4.147636823,0,Unknown
1574,0.287102841,4.069370704,0,Unknown
1575,0.183006536,4.045751634,0,Unknown
1576,0.247117864,4.304793197,0,Unknown
1577,0.181661434,4.089977427,0,Unknown
1578,0.15875953,3.89234571,0,Unknown
1579,0.230400922,4.14241657,0,Unknown
1580,0.24402019,4.090926707,0,Unknown
1581,0.156794944,4.04008306,0,Unknown
1582,0.225000788,4.16001456,0,Unknown
1583,0.224888601,4.097470318,0,Unknown
1584,0.195562805,3.894612453,0,Unknown
1585,0.259152133,4.216712677,0,Unknown
1586,0.23039306,4.000015686,0,Unknown
1587,0.232044712,4.071832203,0,Unknown
1588,0.201735314,3.92407724,0,Unknown
1589,0.215139742,4.254986013,0,Unknown
1590,0.163445128,4.05449366,0,Unknown
1591,0.137930939,4.158617822,0,Unknown
1592,0.218978662,4.012783974,0,Unknown
1593,0.275797943,4.311453551,0,Unknown
1594,0.248120767,4.421060942,0,Unknown
1595,0.182204393,3.995784723,0,Unknown
1596,0.251786344,4.317867938,0,Unknown
1597,0.233232738,4.111298663,0,Unknown
1598,0.180451467,3.986849599,0,Unknown
1599,0.251825461,4.538332762,0,Unknown
1600,0.211078855,3.974569938,0,Unknown
1601,0.187780329,4.135638203,0,Unknown
1602,0.203314202,4.030139297,0,Unknown
1603,0.179439688,3.925243183,0,Unknown
1604,0.133928512,3.904016114,0,Unknown
1605,0.206704373,3.988835729,0,Unknown
1606,0.263637562,4.213655517,0,Unknown
1607,0.154762089,4.208338343,0,Unknown
1608,0.2000007,4.04001414,0,Unknown
1609,0.212598718,4.057092205,0,Unknown
1610,0.216367358,3.869646988,0,Unknown
1611,0.249202313,4.054329938,0,Unknown
1612,0.223102184,3.868686802,0,Unknown
1613,0.241122081,3.897205732,0,Unknown
1614,0.222656598,4.113287677,0,Unknown
1615,0.134615902,3.831745507,0,Unknown
1616,0.299585573,3.957026114,0,Unknown
1617,0.162275519,3.819716059,0,Unknown
1618,0.248121495,4.046636014,0,Unknown
1619,0.208045537,4.044405239,0,Unknown
1620,0.178572066,3.984708109,0,Unknown
1621,0.150000491,3.900012776,0,Unknown
1622,0.249636276,3.906588733,0,Unknown
1623,0.243005635,4.139932365,0,Unknown
1624,0.285047928,4.177587663,0,Unknown
1625,0.237931814,4.044840837,0,Unknown
1626,0.210441212,4.027746919,0,Unknown
1627,0.201429636,3.754305558,0,Unknown
1628,0.157303724,3.898885166,0,Unknown
1629,0.163987797,3.993585183,0,Unknown
1630,0.203884626,3.728176023,0,Unknown
1631,0.228210096,4.093518596,0,Unknown
1632,0.19292682,4.041816888,0,Unknown
1633,0.181149655,4.170860355,0,Unknown
1634,0.173175431,3.820046279,0,Unknown
1635,0.264152065,4.132093014,0,Unknown
1636,0.25321166,4.067900358,0,Unknown
1637,0.177122229,3.846873405,0,Unknown
1638,0.227210187,3.719514915,0,Unknown
1639,0.164210561,3.745263946,0,Unknown
1640,0.224852337,3.9704189,0,Unknown
1641,0.220826408,3.883313172,0,Unknown
1642,0.22770446,3.996213275,0,Unknown
1643,0.253379192,3.937512637,0,Unknown
1644,0.148809701,3.696432972,0,Unknown
1645,0.229618145,4.237952285,0,Unknown
1646,0.241936498,4.045178254,0,Unknown
1647,0.199723716,3.794750595,0,Unknown
1648,0.31444924,4.534018096,0,Unknown
1649,0.299585573,4.21500258,0,Unknown
1650,0.161043636,4.072103377,0,Unknown
1651,0.202765911,4.221217609,0,Unknown
1652,0.223548011,4.117754362,0,Unknown
1653,0.257017463,4.174318106,0,Unknown
1654,0.224216353,3.744413089,0,Unknown
1655,0.21206966,3.817253884,0,Unknown
1656,0.237342749,4.12501697,0,Unknown
1657,0.199262507,3.741707082,0,Unknown
1658,0.196639383,3.897493402,0,Unknown
1659,0.182994894,4.031432978,0,Unknown
1660,0.205480156,4.058233076,0,Unknown
1661,0.231140612,4.237577878,0,Unknown
1662,0.231933631,4.008418182,0,Unknown
1663,0.198529886,4.009200757,0,Unknown
1664,0.249654644,4.027761596,0,Unknown
1665,0.170079437,3.822062893,0,Unknown
1666,0.177102475,3.928454894,0,Unknown
1667,0.180996294,3.832596528,0,Unknown
1668,0.212389334,3.929202671,0,Unknown
1669,0.170079437,3.99214233,0,Unknown
1670,0.248276675,3.775874438,0,Unknown
1671,0.255209131,4.036470947,0,Unknown
1672,0.210763371,4.148002524,0,Unknown
1673,0.203884626,4.106818901,0,Unknown
1674,0.21206966,3.987944098,0,Unknown
1675,0.221699054,4.089640003,0,Unknown
1676,0.194196342,3.749998326,0,Unknown
1677,0.184466736,4.063122575,0,Unknown
1678,0.241158526,4.003231524,0,Unknown
1679,0.286518464,3.935415368,0,Unknown
1680,0.293311419,4.235005226,0,Unknown
1681,0.231429795,4.174307778,0,Unknown
1682,0.235809096,4.056789817,0,Unknown
1683,0.297639014,4.124426336,0,Unknown
1684,0.267460489,4.27936783,0,Unknown
1685,0.287102841,4.015278864,0,Unknown
1686,0.269159533,4.211225186,0,Unknown
1687,0.246895522,4.080763718,0,Unknown
1688,0.233011001,4.144267097,0,Unknown
1689,0.264152065,4.174546024,0,Unknown
1690,0.246576468,4.02741565,0,Unknown
1691,0.287102841,3.873807899,0,Unknown
1692,0.237171912,3.873807899,0,Unknown
1693,0.280058082,4.20511454,0,Unknown
1694,0.279945849,4.357962997,0,Unknown
1695,0.233011001,4.131784365,0,Unknown
1696,0.169708463,4.029207374,0,Unknown
1698,0.147708456,3.96266134,0,Unknown
1699,0.212265052,4.235867039,0,Unknown
1700,0.196970393,4.01516571,0,Unknown
1701,0.253815555,3.815555149,0,Unknown
1702,0.270459198,4.264933509,0,Unknown
1703,0.228850091,3.948704292,0,Unknown
1704,0.232559113,3.953504922,0,Unknown
1705,0.208045537,3.898773364,0,Unknown
1706,0.200893844,4.049127027,0,Unknown
1707,0.234514416,4.000019469,0,Unknown
1708,0.271494441,3.995493192,0,Unknown
1709,0.271534194,4.195641263,0,Unknown
1710,0.201924214,3.762383827,0,Unknown
1711,0.225001158,3.926490798,0,Unknown
1712,0.24570823,4.288004921,0,Unknown
1713,0.266251265,4.08001938,0,Unknown
1714,0.230770522,3.918903043,0,Unknown
1715,0.341895488,4.555396218,0,Unknown
1716,0.350848647,4.754253404,0,Unknown
1717,0.157894321,4.405251565,0,Unknown
1718,0.281768578,4.740341968,0,Unknown
1719,0.35326183,4.760882502,0,Unknown
1721,0.242719389,4.35924023,0,Unknown
1722,0.181347714,4.077732884,0,Unknown
1725,0.284274595,4.766135759,0,Unknown
1727,0.165276011,3.921548987,0,Unknown
1728,0.20124896,4.151344834,0,Unknown
1729,0.211991525,4.586725733,0,Unknown
1730,0.264848617,4.064222419,0,Unknown
1731,0.182555929,4.472620262,0,Unknown
1733,0.21176508,4.223536865,0,Unknown
1734,0.208762295,4.469059495,0,Unknown
1736,0.269416953,4.194166613,0,Unknown
1737,0.205929169,4.441517754,0,Unknown
1738,0.253142468,4.222631798,0,Unknown
1739,0.207037741,4.262541717,0,Unknown
1740,0.159794309,4.417539436,0,Unknown
1741,0.29126157,4.463583566,0,Unknown
1743,0.2065223,4.43479466,0,Unknown
1744,0.064024234,3.905478279,0,Unknown
1745,0.257485338,4.604795934,0,Unknown
1746,0.162680126,3.961739548,0,Unknown
1748,0.188889309,4.188898198,0,Unknown
1750,0.224824093,4.159245715,0,Unknown
1751,0.203654661,4.402073831,0,Unknown
1753,0.255426562,4.41737702,0,Unknown
1754,0.246729571,4.29533754,0,Unknown
1755,0.248162358,4.180157048,0,Unknown
1756,0.248849073,4.161309499,0,Unknown
1757,0.223968918,4.237727682,0,Unknown
1758,0.178861207,4.39835968,0,Unknown
1759,0.101391811,4.139171593,0,Unknown
1760,0.195945814,3.993240545,0,Unknown
1761,0.229462959,4.168577087,0,Unknown
1763,0.236219728,4.527544795,0,Unknown
1764,0.297399096,4.171022324,0,Unknown
1765,0.058679592,4.09290153,0,Unknown
1766,0.242389326,4.053873662,0,Unknown
1767,0.267161955,4.463831002,0,Unknown
1768,0.291667014,4.595243566,0,Unknown
1769,0.296161581,4.458877142,0,Unknown
1771,0.301632197,3.941599115,0,Unknown
1772,0.144902025,3.810386577,0,Unknown
1773,0.227273531,4.055569893,0,Unknown
1774,0.211765796,3.8206079,0,Unknown
1775,0.1491716,4.033158084,0,Unknown
1776,0.239341069,3.953254213,0,Unknown
1777,0.267857462,4.857148639,0,Unknown
1778,0.312992557,4.482289641,0,Unknown
1779,0.152683096,3.957380783,0,Unknown
1780,0.183962047,4.103768746,0,Unknown
1781,0.197635769,3.66386311,0,Unknown
1782,0.203703829,4.76543504,0,Unknown
1783,0.289156975,4.234944861,0,Unknown
1784,0.106266711,4.307888995,0,Unknown
1785,0.257463215,4.343292496,0,Unknown
1786,0.242647639,3.998171319,0,Unknown
1787,0.226416056,4.033035989,0,Unknown
1789,0.060483839,4.076610766,0,Unknown
1790,0.241573577,4.77529163,0,Unknown
1791,0.232759624,3.986470385,0,Unknown
1792,0.25423815,3.767809382,0,Unknown
1793,0.231933631,3.857157119,0,Unknown
1794,0.194737457,3.605274543,0,Unknown
1795,0.262178965,3.906896381,0,Unknown
1796,0.109090612,3.763626099,0,Unknown
1797,0.225000563,4.167867563,0,Unknown
1798,0.258334733,3.895854436,0,Unknown
1799,0.223570927,3.8319017,0,Unknown
1800,0.213968392,3.887092446,0,Unknown
1801,0.189684555,3.763740899,0,Unknown
1802,0.239733816,3.912322684,0,Unknown
1803,0.257525342,3.622077213,0,Unknown
1804,0.209104941,3.610260822,0,Unknown
1805,0.212852688,3.686769197,0,Unknown
1806,0.213570824,3.844274834,0,Unknown
1807,0.185283667,3.883072602,0,Unknown
1808,0.198151799,3.986814187,0,Unknown
1809,0.208589213,3.914115232,0,Unknown
1810,0.237438379,4.070372213,0,Unknown
1811,0.241993572,4.010687575,0,Unknown
1812,0.116882783,4.020767733,0,Unknown
1813,0.130434416,4.081829949,0,Unknown
1814,0.113030324,3.715871907,0,Unknown
1815,0.184615887,4.0508986,0,Unknown
1816,0.173077898,3.708812096,0,Unknown
1817,0.189789271,3.812433595,0,Unknown
1818,0.152542114,3.803383384,0,Unknown
1819,0.218183039,3.818203179,0,Unknown
1820,0.172103681,3.634424786,0,Unknown
1821,0.129264239,3.576310605,0,Unknown
1822,0.21232107,3.751005576,0,Unknown
1823,0.169811453,3.665929596,0,Unknown
1824,0.22641527,3.775807595,0,Unknown
1825,0.19899967,3.83355968,0,Unknown
1826,0.174529043,3.707562909,0,Unknown
1827,0.179800362,3.705885232,0,Unknown
1828,0.157069029,3.663635104,0,Unknown
1829,0.168408322,3.963470277,0,Unknown
1830,0.187499574,4.048286254,0,Unknown
1831,0.187222343,3.682039404,0,Unknown
1832,0.166424184,3.512426193,0,Unknown
1833,0.211217814,3.705261651,0,Unknown
1834,0.177998298,3.615590426,0,Unknown
1835,0.097825821,3.61140323,0,Unknown
1836,0.121252373,3.543698377,0,Unknown
1837,0.271429444,3.800012214,0,Unknown
1838,0.188268499,3.523895161,0,Unknown
1839,0.175183351,3.727025798,0,Unknown
1840,0.173685262,3.675022244,0,Unknown
1841,0.173141089,3.516095961,0,Unknown
1842,0.119866908,3.552721961,0,Unknown
1843,0.171129599,3.516887872,0,Unknown
1844,0.156492907,3.416206872,0,Unknown
1845,0.206294211,3.909100477,0,Unknown
1846,0.157500748,3.558766904,0,Unknown
1847,0.19977818,3.612655415,0,Unknown
1848,0.189789271,3.812433595,0,Unknown
1849,0.084805531,3.816248888,0,Unknown
1850,0.204189738,3.80499723,0,Unknown
1851,0.1537274,3.642873547,0,Unknown
1852,0.133185453,3.559381234,0,Unknown
1853,0.17926897,3.768306929,0,Unknown
1854,0.195332511,3.88453711,0,Unknown
1855,0.231071884,3.646235996,0,Unknown
1856,0.147727138,3.545451322,0,Unknown
1857,0.203107816,3.72586305,0,Unknown
1858,0.182657298,3.642075828,0,Unknown
1859,0.196552063,3.631040743,0,Unknown
1860,0.249085253,3.820528215,0,Unknown
1861,0.239733816,3.672588869,0,Unknown
1862,0.182609535,3.827346784,0,Unknown
1863,0.21111158,3.650008111,0,Unknown
1864,0.115384518,3.57692005,0,Unknown
1865,0.266370906,3.695896323,0,Unknown
1866,0.276359815,3.742511232,0,Unknown
1867,0.208861619,3.906661641,0,Unknown
1868,0.213096725,3.682577778,0,Unknown
1869,0.210938423,4.232831019,0,Unknown
1870,0.236256766,4.065399439,0,Unknown
1871,0.289475099,4.08272672,0,Unknown
1872,0.252919863,4.019480277,0,Unknown
1873,0.241667976,3.995854978,0,Unknown
1874,0.295775481,3.977123879,0,Unknown
1875,0.237070192,3.931054816,0,Unknown
1876,0.223881056,4.270531152,0,Unknown
1877,0.272347814,3.854769062,0,Unknown
1878,0.28967836,3.915652321,0,Unknown
1879,0.260090969,3.923786171,0,Unknown
1880,0.260870274,4.065228438,0,Unknown
1881,0.234899171,4.067111364,0,Unknown
1882,0.200311461,3.950328348,0,Unknown
1883,0.261663498,4.174445578,0,Unknown
1884,0.207302444,3.919189596,0,Unknown
1885,0.303280429,4.155761549,0,Unknown
1886,0.304015878,4.170180058,0,Unknown
1887,0.294041449,4.096712617,0,Unknown
1888,0.197142294,3.73713218,0,Unknown
1889,0.286713988,4.076933055,0,Unknown
1890,0.273649527,4.190891829,0,Unknown
1891,0.1469068,4.09019459,0,Unknown
1892,0.271187054,4.180800409,0,Unknown
1893,0.181268444,3.779447059,0,Unknown
1894,0.115384601,3.423076484,0,Unknown
1895,0.255172238,4.310341855,0,Unknown
1896,0.199262507,4.262003629,0,Unknown
1897,0.251713191,4.284261247,0,Unknown
1898,0.260303631,4.0932746,0,Unknown
1899,0.22756123,4.03162646,0,Unknown
1900,0.185184774,4.162953712,0,Unknown
1901,0.357354781,4.182374468,0,Unknown
1902,0.108910675,3.881180433,0,Unknown
1903,0.221238351,3.893794972,0,Unknown
1904,0.214285168,4.224479019,0,Unknown
1905,0.151898494,3.854424281,0,Unknown
1906,0.303318829,4.213288114,0,Unknown
1907,0.135678562,3.527642623,0,Unknown
1908,0.297030115,4.229708833,0,Unknown
1909,0.270869747,4.277697709,0,Unknown
1910,0.187499684,3.822108953,0,Unknown
1911,0.228814335,4.245777104,0,Unknown
1912,0.273073476,4.145407075,0,Unknown
1913,0.263297102,4.292540634,0,Unknown
1914,0.215164155,4.16188951,0,Unknown
1915,0.202248327,3.716313013,0,Unknown
1916,0.200836761,3.552300215,0,Unknown
1917,0.310697097,4.156210351,0,Unknown
1918,0.188810918,3.755239372,0,Unknown
1919,0.22826149,3.923923706,0,Unknown
1920,0.209184421,4.341852241,0,Unknown
1921,0.181035076,4.132772159,0,Unknown
1922,0.219925225,4.161661958,0,Unknown
1923,0.18243213,3.628372372,0,Unknown
1924,0.103896104,3.337662338,0,Unknown
1925,0.188172549,4.04839798,0,Unknown
1926,0.252747808,4.109899143,0,Unknown
1928,0.229907101,4.093467891,0,Unknown
1929,0.180722543,3.961438147,0,Unknown
1930,0.177897095,3.929908545,0,Unknown
1931,0.1671823,3.780177566,0,Unknown
1932,0.156818039,3.974996386,0,Unknown
1933,0.193068972,4.009894042,0,Unknown
1934,0.201581346,3.776685813,0,Unknown
1935,0.18604636,3.651159819,0,Unknown
1936,0.206897513,3.949043841,0,Unknown
1937,0.230769891,4.116290852,0,Unknown
1938,0.255119155,3.959071328,0,Unknown
1939,0.265989687,3.797983885,0,Unknown
1940,0.21308463,3.86356079,0,Unknown
1941,0.130718954,3.810457516,0,Unknown
1942,0.214796777,3.873501882,0,Unknown
1943,0.116197019,3.454220487,0,Unknown
1944,0.165957517,4.053193214,0,Unknown
1945,0.175126415,3.875623697,0,Unknown
1946,0.191488801,3.957435231,0,Unknown
1947,0.154506471,3.849786234,0,Unknown
1948,0.212904489,4.068411245,0,Unknown
1949,0.155619148,3.544658373,0,Unknown
1950,0.062500098,3.312505176,0,Unknown
1951,0.195653055,3.922377911,0,Unknown
1952,0.191037511,3.941033088,0,Unknown
1953,0.18810365,3.940530308,0,Unknown
1954,0.133928601,3.455357914,0,Unknown
1955,0.129310334,3.323275576,0,Unknown
1956,0.218182083,4.072732209,0,Unknown
1958,0.233564701,4.136690367,0,Unknown
1959,0.282918955,4.072965332,0,Unknown
1960,0.254144208,4.182329685,0,Unknown
1961,0.24000084,3.985013948,0,Unknown
1962,0.147368204,3.778941799,0,Unknown
1963,0.271248377,4.17722501,0,Unknown
1964,0.238854454,3.964983937,0,Unknown
1965,0.141891657,3.618237254,0,Unknown
1966,0.213894475,4.053026086,0,Unknown
1968,0.19844385,4.103118428,0,Unknown
1969,0.246377764,4.072479507,0,Unknown
1970,0.212962569,3.777770782,0,Unknown
1971,0.170731624,3.426827597,0,Unknown
1972,0.18677029,3.66536694,0,Unknown
1973,0.194621054,3.930395916,0,Unknown
1974,0.18857089,3.891417453,0,Unknown
1975,0.099999975,3.574999106,0,Unknown
1976,0.201923854,4.096169601,0,Unknown
1977,0.19474585,4.187035769,0,Unknown
1978,0.248311608,4.170621494,0,Unknown
1979,0.220676295,4.127243145,0,Unknown
1980,0.247059737,4.003376147,0,Unknown
1981,0.222680642,3.909282381,0,Unknown
1982,0.159762983,3.674548603,0,Unknown
1983,0.171195187,3.904880693,0,Unknown
1984,0.263737326,4.267416462,0,Unknown
1985,0.210098507,4.138451984,0,Unknown
1986,0.21784255,4.058095496,0,Unknown
1987,0.12195116,3.317071553,0,Unknown
1988,0.226258184,4.148066708,0,Unknown
1989,0.289158368,4.257053757,0,Unknown
1990,0.219100508,3.514035073,0,Unknown
1991,0.309160954,4.202298898,0,Unknown
1992,0.231742875,4.053393558,0,Unknown
1993,0.150838208,3.268161172,0,Unknown
1994,0.305234067,4.111938925,0,Unknown
1995,0.194384491,3.83585396,0,Unknown
1996,0.211586475,3.740546619,0,Unknown
1997,0.180379461,3.550627293,0,Unknown
1998,0.269407623,4.114174037,0,Unknown
1999,0.171428339,3.55713803,0,Unknown
2000,0.129310367,2.71551771,0,Unknown
2002,0.134615126,3.576916198,0,Unknown
2003,0.103448205,2.379308704,0,Unknown
2004,0.224863423,3.954305559,0,Unknown
2005,0.211453651,3.87224499,0,Unknown
2006,0.286004289,3.912782079,0,Unknown
2007,0.12558146,3.460466887,0,Unknown
2008,0.242291923,4.211474153,0,Unknown
2009,0.174756942,3.749992718,0,Unknown
2010,0.224453128,3.952564842,0,Unknown
2011,0.105769027,3.567300832,0,Unknown
2012,0.207492197,3.786732603,0,Unknown
2013,0.203947368,3.894736842,0,Unknown
2014,0.148883079,3.960289905,0,Unknown
2015,0.311419601,4.131500041,0,Unknown
2016,0.201342147,4.053688555,0,Unknown
2017,0.264575296,3.964145115,0,Unknown
2018,0.235650686,4.078569564,0,Unknown
2019,0.264971329,3.920677464,0,Unknown
2020,0.20963815,3.903606933,0,Unknown
2021,0.268966398,4.381048834,0,Unknown
2022,0.196809034,3.824478257,0,Unknown
2023,0.202614379,3.849673203,0,Unknown
2024,0.159217388,3.812837447,0,Unknown
2025,0.051724147,2.534483196,0,Unknown
2026,0.0387931,3.56896521,0,Unknown
2027,0.168103434,3.271551442,0,Unknown
2028,0.338523508,4.042826726,0,Unknown
2029,0.207089977,3.973888752,0,Unknown
2030,0.276050321,3.949955325,0,Unknown
2031,0.130434683,2.282606959,0,Unknown
2032,0.175824562,3.950558133,0,Unknown
2033,0.129310367,2.741379783,0,Unknown
2034,0.121323391,3.496319545,0,Unknown
2035,0.336273777,4.073068891,0,Unknown
2036,0.242647639,4.125009858,0,Unknown
2037,0.280136727,3.988128315,0,Unknown
2038,0.151315789,3.980263158,0,Unknown
2039,0.175781525,3.755865244,0,Unknown
2040,0.340165886,4.094285787,0,Unknown
2041,0.130434794,2.58260892,0,Unknown
2042,0.126050441,2.495798739,0,Unknown
2043,0.206303252,3.782226287,0,Unknown
2044,0.223455719,3.855799746,0,Unknown
2045,0.246576509,3.99379225,0,Unknown
2046,0.138888966,3.611113117,0,Unknown
2047,0.267857462,4.095242971,0,Unknown
2048,0.243631543,4.00320065,0,Unknown
2049,0.221419324,3.842276503,0,Unknown
2050,0.285348731,3.721101693,0,Unknown
2051,0.223405308,3.861720321,0,Unknown
2052,0.189015303,3.906316261,0,Unknown
2053,0.215908895,3.477269566,0,Unknown
2054,0.242106028,3.936854537,0,Unknown
2055,0.176205642,3.99399455,0,Unknown
2056,0.26304127,3.802444686,0,Unknown
2057,0.27322479,3.967223954,0,Unknown
2058,0.256666838,3.996669331,0,Unknown
2059,0.211599608,3.949859357,0,Unknown
2061,0.226028171,3.821930897,0,Unknown
2062,0.253677496,3.930162953,0,Unknown
2063,0.253846642,3.842315081,0,Unknown
2064,0.204904252,3.751323997,0,Unknown
2065,0.237624092,3.908916309,0,Unknown
2066,0.182212542,3.83947856,0,Unknown
2067,0.237805929,3.928371025,0,Unknown
2068,0.267677714,3.515163942,0,Unknown
2069,0.189024621,3.87805351,0,Unknown
2070,0.081081081,2.459459459,0,Unknown
2071,0.234986148,3.728446875,0,Unknown
2072,0.285052804,3.816926575,0,Unknown
2073,0.213096725,3.785796504,0,Unknown
2074,0.153322499,3.608189466,0,Unknown
2075,0.236404179,3.572699779,0,Unknown
2076,0.192494669,3.78088586,0,Unknown
2077,0.198237903,3.475771231,0,Unknown
2078,0.194331897,3.558702869,0,Unknown
2079,0.201922999,2.567306705,0,Unknown
2080,0.205263806,3.700011684,0,Unknown
2081,0.161393069,3.726281152,0,Unknown
2082,0.187257297,3.749047133,0,Unknown
2083,0.190069144,3.652409769,0,Unknown
2084,0.128571254,3.717852097,0,Unknown
2085,0.259310028,3.941512424,0,Unknown
2086,0.130434683,2.282606959,0,Unknown
2087,0.158147622,3.714072934,0,Unknown
2088,0.162499959,3.574999106,0,Unknown
2089,0.190476077,3.726188258,0,Unknown
2090,0.157894737,2.552631579,0,Unknown
2091,0.171875269,3.390630298,0,Unknown
2092,0.22641527,3.679248141,0,Unknown
2093,0.223684211,3.848684211,0,Unknown
2094,0.080357129,2.517856693,0,Unknown
2095,0.198237903,3.806167736,0,Unknown
2096,0.243063452,3.695896323,0,Unknown
2097,0.144736861,3.302632014,0,Unknown
2098,0.252630914,3.734200699,0,Unknown
2099,0.227748035,4.02093083,0,Unknown
2100,0.198008409,3.66502357,0,Unknown
2101,0.181034467,3.271551442,0,Unknown
2102,0.168540273,3.602548329,0,Unknown
2103,0.188947133,3.709533501,0,Unknown
2104,0.108108137,3.364865774,0,Unknown
2106,0.182608712,2.895652426,0,Unknown
2107,0.16741064,3.616069814,0,Unknown
2108,0.225226341,3.734252737,0,Unknown
2109,0.162895987,3.312218394,0,Unknown
2110,0.239437631,3.892035225,0,Unknown
2111,0.141393587,3.682380822,0,Unknown
2113,0.283499364,3.744730403,0,Unknown
2114,0.151260472,3.617646299,0,Unknown
2115,0.169355078,3.82258604,0,Unknown
2116,0.216426361,3.729192686,0,Unknown
2117,0.218868998,3.562281626,0,Unknown
2118,0.209816775,3.647867084,0,Unknown
2119,0.155688809,3.910184324,0,Unknown
2120,0.236632376,3.766064431,0,Unknown
2121,0.105633654,3.53872741,0,Unknown
2122,0.161638001,3.678880896,0,Unknown
2123,0.105263172,3.53947415,0,Unknown
2124,0.187500721,3.841360928,0,Unknown
2125,0.15126053,2.924370239,0,Unknown
2126,0.239104494,3.762159771,0,Unknown
2127,0.302996906,3.745840868,0,Unknown
2128,0.21295244,3.560415354,0,Unknown
2129,0.205540407,3.634129329,0,Unknown
2130,0.213137986,3.743989911,0,Unknown
2131,0.194278015,3.822307002,0,Unknown
2132,0.285316281,3.876944766,0,Unknown
2133,0.223455719,3.665624666,0,Unknown
2134,0.227130341,3.823360734,0,Unknown
2135,0.24474766,3.686048085,0,Unknown
2136,0.230769891,3.906987927,0,Unknown
2137,0.204748747,3.778949692,0,Unknown
2138,0.116666375,3.616657625,0,Unknown
2139,0.110091541,3.642195152,0,Unknown
2140,0.210773327,3.783381226,0,Unknown
2141,0.107842926,3.696071184,0,Unknown
2142,0.19977818,3.95227832,0,Unknown
2143,0.147058737,2.529410277,0,Unknown
2144,0.246393088,3.88901523,0,Unknown
2145,0.135135135,2.513513514,0,Unknown
2146,0.202783623,3.966209091,0,Unknown
2147,0.259711634,3.809103958,0,Unknown
2148,0.202380832,3.785712032,0,Unknown
2149,0.176175088,3.921154098,0,Unknown
2150,0.179577212,3.580980872,0,Unknown
2151,0.09459462,3.405406326,0,Unknown
2152,0.146666706,3.493334265,0,Unknown
2153,0.209877752,3.905372294,0,Unknown
2154,0.160622261,4.077732884,0,Unknown
2155,0.152777863,3.611113117,0,Unknown
2156,0.199630794,4.020342378,0,Unknown
2157,0.201922737,3.850955058,0,Unknown
2158,0.107142881,3.522322215,0,Unknown
2159,0.142857143,3.662337662,0,Unknown
2160,0.272728512,4.18183719,0,Unknown
2161,0.185566484,3.757721305,0,Unknown
2162,0.223684211,3.986842105,0,Unknown
2163,0.262032786,4.171134147,0,Unknown
2164,0.310617862,4.214966434,0,Unknown
2165,0.232759383,4.117254867,0,Unknown
2166,0.215074043,4.080892105,0,Unknown
2167,0.125873945,3.618875931,0,Unknown
2168,0.153191476,3.548935868,0,Unknown
2169,0.240918243,4.279166882,0,Unknown
2170,0.261987199,4.037685061,0,Unknown
2171,0.286902525,4.035346391,0,Unknown
2172,0.161289802,3.951600156,0,Unknown
2173,0.105263172,3.565789943,0,Unknown
2174,0.298556623,3.948652113,0,Unknown
2175,0.236404179,3.958937593,0,Unknown
2176,0.242945739,4.034371669,0,Unknown
2177,0.149999647,3.749991176,0,Unknown
2178,0.255001211,4.001269006,0,Unknown
2179,0.228525973,4.351718005,0,Unknown
2180,0.152542347,3.495762119,0,Unknown
2181,0.267658639,4.243504678,0,Unknown
2182,0.165957433,3.434042261,0,Unknown
2183,0.196874569,3.815616653,0,Unknown
2184,0.202247646,4.101132812,0,Unknown
2185,0.279071147,3.797983885,0,Unknown
2186,0.20105249,3.993454362,0,Unknown
2187,0.245690926,3.965537753,0,Unknown
2188,0.19999995,3.512499122,0,Unknown
2189,0.195845232,3.93470876,0,Unknown
2190,0.264823704,4.15812742,0,Unknown
2191,0.221172441,4.400764463,0,Unknown
2192,0.201219021,3.887185641,0,Unknown
2193,0.238983861,3.986454191,0,Unknown
2194,0.177272784,3.463637466,0,Unknown
2195,0.055045899,3.646790831,0,Unknown
2196,0.138888966,3.597224221,0,Unknown
2197,0.206896003,4.002641903,0,Unknown
2198,0.141176138,3.952931875,0,Unknown
2199,0.2984833,4.244533708,0,Unknown
2200,0.148935964,3.808505371,0,Unknown
2201,0.253572244,3.982155657,0,Unknown
2202,0.214285067,4.071416268,0,Unknown
2203,0.148409679,3.731443357,0,Unknown
2204,0.182370433,3.866253172,0,Unknown
2205,0.089552142,3.694025853,0,Unknown
2206,0.113445354,3.617646299,0,Unknown
2207,0.233074543,3.955607957,0,Unknown
2208,0.286282761,4.34791944,0,Unknown
2209,0.21428514,3.785704145,0,Unknown
2210,0.142241367,3.530172109,0,Unknown
2211,0.15999968,3.81999236,0,Unknown
2212,0.142241367,3.439654876,0,Unknown
2213,0.24528406,3.990582979,0,Unknown
2214,0.133928548,2.517856693,0,Unknown
2215,0.27500149,4.020855113,0,Unknown
2216,0.211422425,4.064413851,0,Unknown
2217,0.211955946,4.16574955,0,Unknown
2218,0.259842878,4.110241884,0,Unknown
2219,0.242821302,4.143628017,0,Unknown
2220,0.163636161,3.599995549,0,Unknown
2221,0.26174523,3.922822741,0,Unknown
2222,0.287293453,4.060782455,0,Unknown
2223,0.209134263,4.038454743,0,Unknown
2224,0.273256291,3.988379049,0,Unknown
2225,0.195845232,3.738863528,0,Unknown
2226,0.160919392,3.574709357,0,Unknown
2227,0.223823366,4.162329271,0,Unknown
2228,0.311946834,4.181415004,0,Unknown
2229,0.114893607,3.497872043,0,Unknown
2230,0.258389522,4.073829605,0,Unknown
2231,0.311000348,4.05817527,0,Unknown
2232,0.232896146,4.053971906,0,Unknown
2233,0.268657268,4.113814413,0,Unknown
2234,0.315316878,4.094614883,0,Unknown
2235,0.237850993,4.258300041,0,Unknown
2236,0.271918164,4.185756659,0,Unknown
2237,0.132743386,3.504425399,0,Unknown
2238,0.30938658,4.199314483,0,Unknown
2239,0.293058373,4.24163434,0,Unknown
2240,0.09459462,3.33783874,0,Unknown
2241,0.288919997,4.345673383,0,Unknown
2242,0.079646011,2.734513032,0,Unknown
2243,0.2499995,3.92999214,0,Unknown
2244,0.228345737,4.086601302,0,Unknown
2245,0.177048774,3.924581157,0,Unknown
2246,0.221428255,4.242851082,0,Unknown
2247,0.325581963,4.319774976,0,Unknown
2248,0.221537916,4.006143985,0,Unknown
2249,0.232394039,3.771121449,0,Unknown
2250,0.261160598,4.212051691,0,Unknown
2251,0.262425865,4.389669009,0,Unknown
2252,0.152777863,3.652779807,0,Unknown
2253,0.314412128,4.305699419,0,Unknown
2254,0.273586067,4.014167985,0,Unknown
2255,0.263060241,4.24254602,0,Unknown
2256,0.305173413,4.241393205,0,Unknown
2257,0.195122189,4.024395152,0,Unknown
2258,0.080152601,3.721370779,0,Unknown
2259,0.154285908,3.291432709,0,Unknown
2260,0.126050441,2.495798739,0,Unknown
2261,0.166666667,4.064102564,0,Unknown
2263,0.193015167,4.158098172,0,Unknown
2264,0.1999995,3.716657375,0,Unknown
2265,0.273697493,3.966836395,0,Unknown
2266,0.340679121,4.15425137,0,Unknown
2267,0.266759362,4.067054275,0,Unknown
2268,0.185841613,3.72125705,0,Unknown
2269,0.243843416,3.979081191,0,Unknown
2270,0.252265441,3.803386644,0,Unknown
2271,0.283019088,3.779137231,0,Unknown
2273,0.254365263,4.002512231,0,Unknown
2274,0.233009256,3.939312739,0,Unknown
2275,0.196454086,3.753091594,0,Unknown
2276,0.236404179,3.619314688,0,Unknown
2277,0.24852196,3.785521998,0,Unknown
2278,0.219755998,3.589347961,0,Unknown
2279,0.293007997,3.729192686,0,Unknown
2280,0.167410864,3.773440869,0,Unknown
2281,0.298527045,3.821883286,0,Unknown
2282,0.205480424,3.851823956,0,Unknown
2283,0.2107291,3.881246873,0,Unknown
2284,0.172070619,3.815478949,0,Unknown
2285,0.224228076,3.869867303,0,Unknown
2286,0.259043778,3.826146619,0,Unknown
2287,0.140468744,3.827773279,0,Unknown
2288,0.249722725,3.709214868,0,Unknown
2289,0.203107816,3.702555596,0,Unknown
2290,0.203107816,3.72586305,0,Unknown
2291,0.209468026,3.71006927,0,Unknown
2292,0.193764071,3.714924945,0,Unknown
2293,0.219755998,3.675918505,0,Unknown
2294,0.236404179,3.85238923,0,Unknown
2295,0.22620617,3.786172128,0,Unknown
2296,0.213389059,3.778241571,0,Unknown
2297,0.243063452,3.685907414,0,Unknown
2298,0.222487772,3.961717749,0,Unknown
2299,0.196639383,3.877325261,0,Unknown
2300,0.193118907,3.745840868,0,Unknown
2301,0.219755998,3.749170504,0,Unknown
2302,0.242370448,4.01796342,0,Unknown
2303,0.219755998,3.649281415,0,Unknown
2304,0.256381997,3.849059594,0,Unknown
2305,0.230454003,3.983562045,0,Unknown
2306,0.22641527,3.805774322,0,Unknown
2307,0.166667659,3.78573682,0,Unknown
2308,0.164557066,3.848103701,0,Unknown
2309,0.233074543,3.782466868,0,Unknown
2310,0.228605513,3.647137191,0,Unknown
2311,0.225989211,3.836166861,0,Unknown
2312,0.243063452,3.742511232,0,Unknown
2313,0.201298701,3.844155844,0,Unknown
2314,0.229744907,3.849059594,0,Unknown
2315,0.233074543,3.642622142,0,Unknown
2316,0.165355008,3.831511751,0,Unknown
2317,0.203107816,3.719203777,0,Unknown
2318,0.237658301,3.847309019,0,Unknown
2319,0.205883186,3.852956758,0,Unknown
2320,0.269700542,3.755829777,0,Unknown
2321,0.239733816,3.832411413,0,Unknown
2322,0.249722725,3.752500141,0,Unknown
2323,0.223085634,3.705885232,0,Unknown
2324,0.221699054,4.047186993,0,Unknown
2325,0.24237912,4.166176954,0,Unknown
2326,0.256381997,3.862378139,0,Unknown
2327,0.286074137,3.78671818,0,Unknown
2328,0.209767089,3.76248905,0,Unknown
2329,0.183834243,4.075644271,0,Unknown
2330,0.229744907,3.865707776,0,Unknown
2331,0.250000033,3.76315839,0,Unknown
2332,0.18777391,3.698709338,0,Unknown
2333,0.28967836,3.705885232,0,Unknown
2334,0.209767089,3.722533414,0,Unknown
2335,0.159822544,3.739181595,0,Unknown
2336,0.276846567,3.810415471,0,Unknown
2337,0.162711589,3.783044436,0,Unknown
2338,0.240846359,3.828189503,0,Unknown
2339,0.253897494,3.888640559,0,Unknown
2340,0.210169777,3.962717238,0,Unknown
2341,0.256381997,3.948948684,0,Unknown
2342,0.259711634,3.785796504,0,Unknown
2343,0.168028397,3.721128871,0,Unknown
2344,0.155000543,3.815013353,0,Unknown
2345,0.209540748,3.848394713,0,Unknown
2346,0.265116896,3.938381252,0,Unknown
2347,0.255786624,3.876994405,0,Unknown
2348,0.116882851,3.818173141,0,Unknown
2349,0.236404179,3.589347961,0,Unknown
2350,0.229744907,3.639292506,0,Unknown
2351,0.239733816,3.865707776,0,Unknown
2352,0.231646743,3.862044871,0,Unknown
2353,0.253052361,3.755829777,0,Unknown
2354,0.253522484,3.929598496,0,Unknown
2355,0.188284464,3.841003059,0,Unknown
2356,0.223009481,4.115055901,0,Unknown
2357,0.235771591,3.853646004,0,Unknown
2358,0.239733816,3.782466868,0,Unknown
2359,0.266666844,4.003336002,0,Unknown
2360,0.197530791,3.629628285,0,Unknown
2361,0.230454003,4.008253545,0,Unknown
2362,0.223326032,4.023590673,0,Unknown
2363,0.289301626,4.034370618,0,Unknown
2364,0.232338314,3.994588555,0,Unknown
2365,0.22641527,3.859048503,0,Unknown
2366,0.242958345,3.926066015,0,Unknown
2367,0.207043362,3.823964128,0,Unknown
2368,0.084112201,3.588787227,0,Unknown
2369,0.26824886,3.974462708,0,Unknown
2370,0.258929843,4.013412566,0,Unknown
2371,0.286348724,3.938959775,0,Unknown
2372,0.253113399,3.958527577,0,Unknown
2373,0.164835527,4.005503309,0,Unknown
2374,0.202925528,3.959790032,0,Unknown
2375,0.168873949,3.933769624,0,Unknown
2376,0.216496073,3.866001302,0,Unknown
2377,0.265767083,3.923442864,0,Unknown
2378,0.278761,4.141592004,0,Unknown
2379,0.208045537,3.853003345,0,Unknown
2380,0.196819399,3.888674177,0,Unknown
2381,0.274553449,4.205355265,0,Unknown
2382,0.111627964,3.837211266,0,Unknown
2383,0.228427584,3.875654683,0,Unknown
2384,0.268541444,4.327353555,0,Unknown
2385,0.270832938,3.989577515,0,Unknown
2386,0.162162206,3.648649635,0,Unknown
2387,0.247788817,3.964621067,0,Unknown
2388,0.306326542,3.942289411,0,Unknown
2389,0.15901037,3.837450271,0,Unknown
2390,0.217741821,3.77419157,0,Unknown
2391,0.212389418,3.676991801,0,Unknown
2392,0.302838448,4.003145734,0,Unknown
2393,0.229007109,4.190830097,0,Unknown
2394,0.153846134,3.999999487,0,Unknown
2395,0.260203418,4.377539853,0,Unknown
2396,0.220982044,4.13839101,0,Unknown
2397,0.184322073,4.125000874,0,Unknown
2398,0.299999077,4.207679361,0,Unknown
2399,0.273436646,4.218736816,0,Unknown
2400,0.183050537,4.016942344,0,Unknown
2401,0.283554411,4.293013786,0,Unknown
2402,0.213649344,3.961414928,0,Unknown
2404,0.218181888,3.872728505,0,Unknown
2405,0.203803794,4.100532336,0,Unknown
2406,0.207236501,4.075651191,0,Unknown
2407,0.302631579,4.605263158,0,Unknown
2408,0.192856881,4.071423046,0,Unknown
2409,0.200836761,3.891212249,0,Unknown
2410,0.208913067,4.128122206,0,Unknown
2411,0.222972604,4.114858053,0,Unknown
2412,0.208332813,4.308322563,0,Unknown
2413,0.254237245,3.902541711,0,Unknown
2414,0.235074372,4.264920758,0,Unknown
2415,0.212389418,4.008850267,0,Unknown
2416,0.141025623,3.935896931,0,Unknown
2417,0.216762505,4.187851589,0,Unknown
2418,0.265060081,3.975901219,0,Unknown
2419,0.2342005,3.959103686,0,Unknown
