Unnamed: 0,Exp Count,Kill,Cluster
0,0.546060358,4.271923408,1
1,0.454320001,4.603275384,1
2,0.550423175,5.037842644,1
3,0.400891181,4.563477945,1
4,0.332909989,4.806148809,1
5,0.575003115,4.920859988,1
6,0.422710989,4.924788224,1
7,0.48945654,4.491679405,1
8,0.435058941,4.65702223,1
9,0.536071449,4.831302311,1
10,0.474578885,4.885620133,1
11,0.479467631,4.634853767,1
12,0.341233683,4.687223784,1
13,0.645949447,5.384021941,1
14,0.564241699,5.010625227,1
15,0.377120721,5.122909575,1
16,0.511280694,5.124085193,1
17,0.406454025,4.52905914,1
18,0.448704043,4.750329575,1
19,0.336293269,4.67813904,1
20,0.423333616,4.896669931,1
21,0.265972947,4.897031312,1
22,0.546060358,4.738072494,1
23,0.387932707,4.924898075,1
24,0.416668924,4.758359108,1
25,0.314051404,5.0578805,1
26,0.407193473,4.670543937,1
27,0.449009239,5.24506368,1
28,0.526661148,5.020836275,1
29,0.318938096,5.182744054,1
30,0.589619362,4.820787235,1
31,0.268329783,4.750756822,1
32,0.418004219,5.123326041,1
33,0.375000964,4.769872072,1
34,0.481356585,4.705091126,1
35,0.414098923,5.092535691,1
36,0.398198134,4.933017661,1
37,0.539933116,4.761535165,1
38,0.330655028,4.412178025,1
39,0.495066053,5.001436538,1
40,0.417278859,4.88875126,1
41,0.416251977,5.291275134,1
42,0.535972958,4.816562356,1
43,0.316266537,4.838878013,1
44,0.565023055,4.910319406,1
45,0.476191124,4.772115336,1
46,0.417278859,4.88875126,1
47,0.416251977,5.291275134,1
48,0.535972958,4.816562356,1
49,0.316266537,4.838878013,1
50,0.565023055,4.910319406,1
51,0.476191124,4.772115336,1
52,0.612653084,4.801335584,1
53,0.484588961,4.731215889,1
54,0.395606624,5.031621744,1
55,0.326272984,4.839009706,1
56,0.369049816,4.619075114,1
57,0.45283054,4.887906128,1
58,0.218319736,4.34380992,1
59,0.401575255,4.386956566,1
60,0.343098101,5.008395443,1
61,0.349044458,5.38588853,1
62,0.295083456,4.78186523,1
63,0.251310447,4.386152637,1
64,0.233074543,3.815763231,2
65,0.249722725,3.785796504,1
66,0.244104436,4.595531332,1
67,0.33569581,4.992944014,1
68,0.196448543,3.755829777,2
69,0.179800362,4.012211774,2
70,0.269700542,3.905663412,1
71,0.239733816,3.85238923,1
72,0.216426361,4.065485955,1
73,0.276120639,4.05971967,1
74,0.236723456,4.124450984,1
75,0.269700542,3.862378139,1
76,0.25461358,4.295220387,1
77,0.317696244,4.286888555,1
78,0.234988356,3.986969112,1
79,0.230126775,4.050231236,1
80,0.286276306,4.180418387,1
81,0.3071176,4.247211691,1
82,0.262178965,4.177671378,1
83,0.295214493,3.989385044,1
84,0.328824647,4.230065209,1
85,0.323531179,4.268930881,1
86,0.224816664,4.138837926,1
87,0.283175323,4.112198167,1
88,0.21340749,4.124510137,1
89,0.268532971,4.074148667,1
90,0.26562666,4.101588135,1
91,0.287102841,4.21500258,1
92,0.197803067,4.08322046,2
93,0.309764623,4.057243155,1
94,0.306453343,4.153249252,1
95,0.306502876,4.16565273,1
96,0.28000168,3.996023976,1
97,0.214913318,4.083353034,1
98,0.248408632,4.26116346,1
99,0.278352094,4.132755392,1
100,0.325492238,4.117672895,1
101,0.270705745,3.986420213,1
102,0.24854774,4.203509145,1
103,0.321767983,4.149860599,1
104,0.326659836,4.171483648,1
105,0.250001488,4.03177003,1
106,0.223290093,4.130866722,1
107,0.283899869,4.258498034,1
108,0.278811653,4.167304836,1
109,0.29593219,4.028376938,1
110,0.286276306,3.866690928,1
111,0.301145229,4.059742639,1
112,0.227529368,4.082888106,1
113,0.280264854,4.531606376,1
114,0.258198203,3.967235878,1
115,0.33928738,4.017876874,1
116,0.289934559,4.071164438,1
117,0.305484863,4.139711544,1
118,0.241936498,4.117759204,1
119,0.296563092,4.263631694,1
120,0.287188478,4.179696923,1
121,0.244727081,4.118166049,1
122,0.238017434,3.991750712,1
123,0.314040762,4.001248774,1
124,0.275267568,4.077151515,1
125,0.263310679,4.195704583,1
126,0.260253515,4.40065035,1
127,0.299631342,4.183741338,1
128,0.273129077,4.163015768,1
129,0.316408228,4.062525391,1
130,0.2330466,4.087563376,1
131,0.349044458,4.19737006,1
132,0.306367917,4.098168238,1
133,0.278956955,4.199036277,1
134,0.27272831,4.204974664,1
135,0.326285565,4.164672699,1
136,0.277228683,4.321797155,1
137,0.306214558,4.153867046,1
138,0.283844282,4.135392849,1
139,0.228659547,4.125018236,1
140,0.39264908,4.319139878,1
141,0.280544256,4.276037448,1
142,0.25588367,4.191198043,1
143,0.251779419,4.105284765,1
144,0.300510307,4.584055534,1
145,0.256199829,4.05374246,1
146,0.320302293,4.172952411,1
147,0.283729017,4.264280227,1
148,0.225600902,4.353617414,1
149,0.252213617,4.243383485,1
150,0.369086804,4.447969171,1
151,0.290016997,4.264676167,1
152,0.280001369,4.297798789,1
153,0.277707047,4.212542111,1
154,0.250001354,4.108355587,1
155,0.26785823,4.266251081,1
156,0.264985397,4.201911302,1
157,0.276522557,4.299143145,1
158,0.342188997,4.382831675,1
159,0.327869748,4.37706114,1
160,0.283020306,4.071138242,1
161,0.30704801,4.328873587,1
162,0.36068778,4.311077752,1
163,0.258348751,4.391928763,1
164,0.344038275,4.2890105,1
165,0.307019025,4.263178463,1
166,0.247339702,4.372327634,1
167,0.275000172,4.618752887,1
168,0.296337633,3.978915411,1
169,0.32500176,4.479190929,1
170,0.269532935,4.175807349,1
171,0.351351114,4.452699694,1
172,0.299667269,4.002222865,1
173,0.27923581,4.682569743,1
174,0.341463831,4.469517646,1
175,0.373818686,4.211375066,1
176,0.302996906,4.158715773,1
177,0.312044593,4.593077428,1
178,0.290123636,4.574076898,1
179,0.353635133,4.609044572,1
180,0.26304127,3.935630139,1
181,0.269700542,3.972256138,1
182,0.322752177,4.497366395,1
183,0.316315451,4.271923408,1
184,0.283687541,4.687936613,1
185,0.234986148,4.503901162,1
186,0.210407145,4.615382527,1
187,0.193779673,3.681813778,2
188,0.262082418,4.611535307,1
189,0.2795452,4.547723138,1
190,0.244564553,4.345096888,1
191,0.246333805,4.469199037,1
192,0.272138288,4.723543137,1
193,0.339518318,4.664202469,1
194,0.268839378,4.698579123,1
195,0.320158609,4.476291662,1
196,0.319645087,4.035519228,1
197,0.361842105,4.625,1
198,0.205356593,4.455345209,1
199,0.36000036,4.644004644,1
200,0.2588495,4.460176004,1
201,0.332608768,4.604348827,1
202,0.323184633,4.327863785,1
203,0.310975989,4.750005793,1
204,0.305986561,4.523279591,1
205,0.288840326,4.56892879,1
206,0.19411719,4.261754678,1
207,0.23603995,4.850240266,1
208,0.302469323,4.629632487,1
209,0.277250725,4.84833319,1
210,0.293477463,4.679335111,1
211,0.290575079,4.735588458,1
212,0.303570615,4.410702471,1
213,0.23333275,4.508322063,1
214,0.154638737,4.469059495,2
215,0.275509501,4.829069314,1
216,0.296953486,4.644657083,1
217,0.289603459,4.611378149,1
218,0.349592359,4.544700668,1
219,0.240000051,4.743158893,1
220,0.215516684,4.491367695,1
221,0.290992736,4.579671386,1
222,0.203703326,4.444436214,1
223,0.107784173,4.625737423,2
224,0.16666625,4.5999885,1
225,0.263735467,4.598887201,1
226,0.265822364,4.405056321,1
227,0.289061597,4.72654773,1
228,0.258620021,4.568953701,1
229,0.301723358,4.465505693,1
230,0.269021008,4.785313083,1
231,0.267408726,4.621157044,1
232,0.259052203,4.688009226,1
233,0.243037359,4.769608178,1
234,0.230768663,4.273835634,1
235,0.304761324,4.466658159,1
236,0.337695363,4.680614794,1
237,0.220587716,4.438224851,1
238,0.277909409,4.945362298,1
239,0.221590405,4.576694144,1
240,0.218749316,4.773422583,1
241,0.308570547,4.499987143,1
242,0.177418783,4.685468757,1
243,0.253297418,4.733495496,1
244,0.235464432,4.595916872,1
245,0.301723358,4.525850364,1
246,0.209912047,4.556840684,1
247,0.268155601,4.567025073,1
248,0.327126703,4.731369137,1
249,0.277777263,4.509250909,1
250,0.197560638,4.551211742,1
251,0.314916257,4.657445698,1
252,0.32608607,4.483683468,1
253,0.306450624,4.637081816,1
254,0.263297102,4.755305237,1
255,0.155487426,4.490842705,2
256,0.218749316,4.79686001,1
257,0.240740295,4.481473182,1
258,0.236841482,4.649987763,1
259,0.208762295,4.801532779,1
260,0.226414484,4.609151997,1
261,0.189872937,4.777203096,1
262,0.200580812,4.290685201,1
263,0.192072702,4.179867854,2
264,0.1671823,3.891632433,2
265,0.111454867,3.965935678,2
266,0.198112834,3.933954842,2
267,0.135047928,3.839219654,2
268,0.13235263,4.005872927,2
269,0.101538212,3.830759801,2
270,0.152238488,4.191036019,2
271,0.154638936,3.999993814,2
272,0.16139215,3.825943313,2
273,0.101351184,3.557426543,2
274,0.127906873,3.604648229,2
275,0.106761425,3.747326027,2
276,0.108552453,3.680914998,2
277,0.114186677,3.871966423,2
278,0.16326504,3.989789404,2
279,0.158415528,3.920784315,2
280,0.147238948,3.819010205,2
281,0.087378471,3.951448638,2
282,0.109090774,3.698177246,2
283,0.092024342,3.855819941,2
284,0.065015339,3.928784055,2
285,0.15483846,4.025799958,2
286,0.108695522,3.826082382,2
287,0.183999411,4.207986534,2
288,0.174657253,3.76026792,2
289,0.058631826,3.723120972,2
290,0.116343136,3.922425721,2
291,0.131386708,3.755470067,2
292,0.085987069,3.429928659,2
293,0.133105593,3.204773126,0
294,0.203703326,3.888881687,2
295,0.151334952,3.685451192,2
296,0.07291656,3.520828199,2
297,0.119363079,3.835533593,2
298,0.182691956,3.759608155,2
299,0.105769027,3.961530843,2
300,0.081355794,3.569485475,2
301,0.17999964,3.38999322,2
302,0.203007061,4.112772678,2
303,0.184048685,3.708580994,2
304,0.164633745,3.585357109,2
305,0.116882851,3.506485537,2
306,0.166051464,3.83025378,2
307,0.127868559,3.845892813,2
308,0.123809288,3.523802812,2
309,0.128571245,3.635709092,2
310,0.183452993,3.917260973,2
311,0.243749467,3.965616325,1
312,0.162790565,3.848834077,2
313,0.160534838,3.872902964,2
314,0.047430798,3.237151975,0
315,0.1999996,3.97999204,2
316,0.102166961,3.696586416,2
317,0.121771074,3.730622901,2
318,0.175823963,3.868127192,2
319,0.132911182,3.759487722,2
320,0.157894667,4.068824099,2
321,0.136881999,3.84410281,2
322,0.072164837,3.628860368,2
323,0.274900223,3.920316226,1
324,0.104247024,3.567564813,2
325,0.185328042,3.972969905,2
326,0.222614518,3.954057876,2
327,0.133333185,4.055551049,2
328,0.103053345,3.549615205,2
329,0.17880771,3.943703386,2
330,0.13999972,3.57999284,2
331,0.135416469,3.416661684,2
332,0.116197019,3.728867988,2
333,0.134328213,3.694025853,2
334,0.135802419,3.679010983,2
335,0.209016299,3.71311308,2
336,0.187499692,4.351966526,1
337,0.120401128,3.672234416,2
338,0.19999995,3.949999013,2
339,0.167286071,3.736055591,2
340,0.174657253,4.006842866,2
341,0.11111107,3.75308503,2
342,0.262135413,4.077661985,1
343,0.143911269,3.719552803,2
344,0.135245841,3.651637698,2
345,0.19565194,4.043473426,2
346,0.059523774,3.559521691,2
347,0.184615228,3.842304441,2
348,0.114285497,3.704754848,2
349,0.214285669,3.655461417,2
350,0.177215145,3.89873319,2
351,0.167831927,4.143350704,2
352,0.13452919,3.84753484,2
353,0.118421068,3.578947839,2
354,0.315789333,3.777326253,1
355,0.174107182,3.816965138,2
356,0.236842136,4.184211077,1
357,0.184615228,3.911535152,2
358,0.088235194,3.783083924,2
359,0.135416469,3.760411183,2
360,0.13953477,3.860461974,2
361,0.185185117,3.666665309,2
362,0.153846134,3.58974313,2
363,0.201753855,3.9034985,2
364,0.099999975,3.524999119,2
365,0.127659564,3.765957126,2
366,0.332102929,4.261987587,1
367,0.111111173,3.666668704,2
368,0.183673394,3.661222995,2
369,0.329786778,4.329781246,1
370,0.125000069,3.513890841,2
371,0.064935065,3.454545455,2
372,0.072874461,3.279350766,0
373,0.27906954,3.965113052,1
374,0.23247205,3.985235147,1
375,0.121323391,3.738966327,2
376,0.198605974,3.888495916,2
377,0.077777691,3.899995667,2
378,0.184210551,3.815789976,2
379,0.251101344,4.017621499,1
380,0.162499959,3.862499034,2
381,0.107142793,3.654759729,2
382,0.117391315,3.521739437,2
383,0.11440676,3.966101023,2
384,0.077490683,3.675272413,2
385,0.092307614,3.680766116,2
386,0.184782388,3.586952233,2
387,0.144329674,3.793808566,2
388,0.211655987,4.012261323,2
389,0.088607573,3.405062429,2
390,0.217021258,3.523403955,2
391,0.142857058,3.464283652,2
392,0.242152542,3.551570622,2
393,0.116607605,3.466426073,2
394,0.095999946,3.491998044,2
395,0.096428441,3.953566063,2
396,0.169811154,3.622637955,2
397,0.204255302,3.548935868,2
398,0.16139215,3.759487722,2
399,0.119999852,3.490904775,2
400,0.17374504,3.741309852,2
401,0.159835994,3.577867239,2
402,0.13740446,3.354958887,2
403,0.108870911,3.641127124,2
404,0.218623384,3.655868817,2
405,0.127906873,3.790694589,2
406,0.110768958,3.70152935,2
407,0.157894395,3.808041283,2
408,0.167330571,3.836650941,2
409,0.099667609,3.777402363,2
410,0.060344672,3.594818289,2
411,0.193068972,3.868805178,2
412,0.16666634,4.068619473,2
413,0.212013827,4.038863407,2
414,0.077205794,3.816172121,2
415,0.102661499,3.866916476,2
416,0.17374504,3.833973873,2
417,0.073943558,3.992952123,2
418,0.122222086,4.099995444,2
419,0.064655167,3.336206609,0
420,0.14062489,3.843746997,2
421,0.076595738,3.561701825,2
422,0.121457436,3.728743279,2
423,0.112499972,3.39999915,2
424,0.115384601,3.551281596,2
425,0.165516979,4.003441926,2
426,0.095238039,3.488093162,2
427,0.166051464,3.819183682,2
428,0.245352904,3.981408495,1
429,0.13953477,3.674415614,2
430,0.207692132,3.819227538,2
431,0.047999973,3.683997937,2
432,0.150627571,3.476986429,2
433,0.114068333,3.923950643,2
434,0.116278975,3.616276126,2
435,0.109311692,3.680160304,2
436,0.21348293,3.898872462,2
437,0.12195116,3.743900613,2
438,0.140287583,4.143879377,2
439,0.062068867,3.744821646,2
440,0.081395283,3.790694589,2
441,0.175732166,3.451881834,2
442,0.217557061,3.80152338,2
443,0.117856983,3.889280436,2
444,0.224999695,3.932137521,2
445,0.130908929,3.785449865,2
446,0.190298302,3.90671219,2
447,0.238636147,4.102268998,1
448,0.125475166,3.570338811,2
449,0.116278975,3.848834077,2
450,0.187499854,3.832028256,2
451,0.190812444,4.007061333,2
452,0.184782388,3.847821486,2
453,0.103053345,3.767172265,2
454,0.169172754,3.766913328,2
455,0.158415528,3.999992079,2
456,0.17213107,3.995899838,2
457,0.198529185,3.805142722,2
458,0.110204037,3.563263852,2
459,0.102127651,3.319148654,2
460,0.234374817,3.960934406,1
461,0.184931209,4.325335504,2
462,0.220689503,3.868962849,2
463,0.103053345,3.812973752,2
464,0.122950764,3.319670635,2
465,0.143911269,3.40959007,2
466,0.111486302,4.01350687,2
467,0.157434035,3.769670508,2
468,0.086419721,3.481480192,2
469,0.202846708,3.939496592,2
470,0.192856881,3.974994605,2
471,0.194069558,3.557941892,2
472,0.135802419,3.777776379,2
473,0.22007705,3.857139879,2
474,0.170212531,3.882973353,2
475,0.193916165,4.072239475,2
476,0.19615368,3.934612055,2
477,0.185915074,3.633794628,2
478,0.218390604,3.827582687,2
479,0.174418463,3.906973564,2
480,0.123134195,3.973876297,2
481,0.184615228,3.8999967,2
482,0.152073803,3.179724968,0
483,0.141304179,3.52173492,2
484,0.146067268,3.943816237,2
485,0.122222086,3.933328963,2
486,0.154761813,3.523807426,2
487,0.128571254,4.114280131,2
488,0.167330571,3.693224737,2
489,0.138210933,3.666654743,2
490,0.161538325,3.911535152,2
491,0.097560928,3.597559221,2
492,0.119521836,3.776890023,2
493,0.156716248,4.085816474,2
494,0.148935964,3.914888203,2
495,0.324137707,3.95861796,1
496,0.124999886,3.488633192,2
497,0.199999619,3.704754848,2
498,0.183205946,3.755721894,2
499,0.166666424,3.854161046,2
500,0.168141147,3.973440778,2
501,0.131999926,3.647997957,2
502,0.175531401,3.917541731,2
503,0.105468668,3.703122107,2
504,0.210331855,4.129146416,1
505,0.155014868,3.993912475,2
506,0.171919377,3.713458536,2
507,0.16935475,3.689514195,2
508,0.150627571,3.389120346,2
509,0.153191476,3.625531606,2
510,0.104166515,3.760411183,2
511,0.218542757,4.281451283,1
512,0.050420157,3.428570708,2
513,0.083665285,3.848603124,2
514,0.158536508,3.695120149,2
515,0.145713869,3.634275331,2
516,0.160714068,3.889280436,2
517,0.114503716,3.675569292,2
518,0.204300812,4.107521582,2
519,0.133135819,4.28697337,2
520,0.077205794,3.915436714,2
521,0.087866083,3.740584678,2
522,0.138075273,3.351463454,2
523,0.251045952,3.903764547,1
524,0.119999933,3.347998125,2
525,0.132530041,3.51807017,2
526,0.203389796,3.826270538,2
527,0.147727138,4.147723502,2
528,0.127413029,3.694977842,2
529,0.162162037,3.891888887,2
530,0.135541883,3.8584256,2
531,0.142499715,3.847492305,2
532,0.17374504,3.9498039,2
533,0.095617469,3.621511636,2
534,0.17777758,3.95555116,2
535,0.10074616,3.86193612,2
536,0.238493654,3.753136976,2
537,0.107142793,3.5833312,2
538,0.185064514,4.422067872,1
539,0.242553171,3.676595432,2
540,0.092511021,3.766520156,2
541,0.230769036,3.749996827,2
542,0.165254209,3.737287502,2
543,0.129411673,3.74117383,2
544,0.109488923,3.897805667,2
545,0.251101344,3.819383596,1
546,0.157407116,3.472215792,2
547,0.142241367,3.103448008,0
548,0.105633654,3.433093756,2
549,0.179487156,3.538461085,2
550,0.131999926,3.947997789,2
551,0.089552142,3.794772013,2
552,0.091953938,3.712640264,2
553,0.206896756,3.561579864,2
554,0.142857143,3.883116883,2
555,0.212389418,4.141593653,1
556,0.237804298,3.713405577,2
557,0.161435028,3.645741055,2
558,0.236220296,3.767713717,2
559,0.226666727,3.733334329,2
560,0.026086959,3.639130751,2
561,0.117469632,4.012039734,2
562,0.108870911,3.362901463,2
563,0.20816318,3.612243424,2
564,0.133064446,3.374998231,2
565,0.205645053,3.822578641,2
566,0.196911045,3.72972685,2
567,0.285067976,3.71945836,1
568,0.12406002,3.913529715,2
569,0.06437768,3.437768093,2
570,0.218623384,3.862346458,2
571,0.141025623,3.692307219,2
572,0.145161214,3.60483682,2
573,0.159835994,3.725408157,2
574,0.199115079,3.477876722,2
575,0.14042552,3.804254995,2
576,0.103846066,3.726919923,2
577,0.06437768,3.66952774,2
578,0.188888679,4.188884235,2
579,0.183406122,3.668122431,2
580,0.183962386,3.622643902,2
581,0.141630895,3.618025596,2
582,0.122092668,3.497082857,2
583,0.170305684,3.72052418,2
584,0.100334274,4.103671793,2
585,0.175732166,3.853555357,2
586,0.088607573,3.658226922,2
587,0.133603179,3.777326253,2
588,0.167999906,4.019997749,2
589,0.132158602,3.740088435,2
590,0.143426203,4.075694613,2
591,0.162162037,3.706560844,2
592,0.188284464,3.790793869,2
593,0.188118439,4.069298873,2
594,0.11764718,3.57353309,2
595,0.187500042,3.683036536,2
596,0.132530041,4.012045776,2
597,0.250995856,3.956172777,1
598,0.122222086,3.933328963,2
599,0.085365812,3.792681077,2
600,0.181395442,3.879071752,2
601,0.094170433,3.874440678,2
602,0.142241367,3.68534451,2
603,0.100418381,3.702927786,2
604,0.282786758,3.909834303,1
605,0.172566402,3.623894447,2
606,0.13235263,3.749991176,2
607,0.102564089,3.833332842,2
608,0.148648689,3.770271289,2
609,0.161435028,3.672646893,2
610,0.150684993,3.602741207,2
611,0.172839442,3.950615821,2
612,0.157894667,3.898783689,2
613,0.141025623,3.782050797,2
614,0.181395442,4.074420689,2
615,0.126050394,3.79411685,2
616,0.141630895,3.721029883,2
617,0.158536508,3.865851773,2
618,0.141509527,3.650945807,2
619,0.158590322,3.938326338,2
620,0.099999975,3.712499072,2
621,0.146579566,3.928332364,2
622,0.303501721,4.167312094,1
623,0.272727025,3.95454186,1
624,0.124999969,3.962499009,2
625,0.252100787,3.756301732,1
626,0.161764872,3.441180013,2
627,0.195652191,3.769565545,2
628,0.127118623,3.966101023,2
629,0.178571322,3.797616787,2
630,0.214285489,4.206762489,1
631,0.257143041,3.814288439,1
632,0.151260472,3.894957165,2
633,0.177215145,3.784809168,2
634,0.102127651,3.919148603,2
635,0.253164493,4.050631886,1
636,0.164179301,3.611944611,2
637,0.13452919,3.565023541,2
638,0.219178172,3.917809829,2
639,0.13636368,3.613637513,2
640,0.110091799,3.70183673,2
641,0.139240471,3.89873319,2
642,0.086776834,3.731403879,2
643,0.132158602,3.621145693,2
644,0.159090764,3.886360103,2
645,0.208955473,3.447765311,2
646,0.166051464,3.697412608,2
647,0.172775131,3.455502629,2
648,0.113744162,3.568723085,2
649,0.214285587,4.083330903,1
650,0.13740446,3.916027097,2
651,0.185022043,3.806167736,2
652,0.134146276,3.743900613,2
653,0.126050394,3.59243622,2
654,0.171428694,3.700002643,2
655,0.263999852,3.947997789,1
656,0.101694898,3.737287502,2
657,0.206896534,3.853447944,2
658,0.211453763,3.740088435,2
659,0.160714322,3.683036536,2
660,0.132743386,3.809735188,2
661,0.104651297,3.087213251,0
662,0.110599129,3.552997029,2
663,0.221675095,3.413796467,2
664,0.192660648,3.784405579,2
665,0.181395442,3.711629806,2
666,0.184834263,3.668249227,2
667,0.066371693,3.610620108,2
668,0.165957433,3.880850734,2
669,0.081081195,3.145950367,0
670,0.1551724,3.931034144,2
671,0.185022043,3.713656715,2
672,0.045000052,3.480004002,2
673,0.141891657,4.206074118,2
674,0.18292674,3.829266425,2
675,0.185184842,3.842585477,2
676,0.092511021,3.845815317,2
677,0.093750146,3.60938064,2
678,0.158590322,3.779736016,2
679,0.111111173,3.652779807,2
680,0.113207622,3.721700571,2
681,0.161435028,4.049328625,2
682,0.192307668,3.641025174,2
683,0.175675723,3.864865909,2
684,0.181034467,3.788792777,2
685,0.183452993,4.19783614,2
686,0.210331855,3.985235147,2
687,0.112499972,3.962499009,2
688,0.172042789,4.376338439,2
689,0.301158069,4.019301916,1
690,0.1163793,3.672413477,2
691,0.069124456,3.857144635,2
692,0.157205247,3.72052418,2
693,0.118226717,3.620693222,2
694,0.158590322,3.674009134,2
695,0.152542347,3.749999364,2
696,0.080000021,3.640000971,2
697,0.139240471,3.708859821,2
698,0.122727312,3.695455721,2
699,0.142241367,3.76293071,2
700,0.15566048,4.117927248,2
701,0.18604636,3.988368847,2
702,0.208333449,3.888891049,2
703,0.147541201,3.44262803,2
704,0.146017725,3.969027251,2
705,0.196506559,3.86462899,2
706,0.141025623,4.051281532,2
707,0.226666727,4.013334404,1
708,0.149321321,3.705883694,2
709,0.18090475,3.437190248,2
710,0.271428765,3.657145469,1
711,0.113744162,3.625595166,2
712,0.130434896,3.594206024,2
713,0.119469048,3.98230159,2
714,0.160000043,3.880001035,2
715,0.128755359,3.785407563,2
716,0.21794869,4.166666132,1
717,0.166666759,3.694446497,2
718,0.147321461,3.495536495,2
719,0.161538325,4.119227284,2
720,0.103448267,3.698275543,2
721,0.147321461,3.857143718,2
722,0.100418381,3.489538727,2
723,0.18987337,3.974682538,2
724,0.165254209,3.826270538,2
725,0.194444552,3.916668843,2
726,0.241071482,3.750000837,2
727,0.12442402,3.483872573,2
728,0.202702757,3.945947012,2
729,0.230769128,3.93522092,1
730,0.211453763,3.806167736,2
731,0.102564089,3.935896931,2
732,0.092592695,3.222225802,0
733,0.177966072,3.813558676,2
734,0.101449364,3.927539647,2
735,0.244635183,3.88841185,1
736,0.244635183,3.991416138,1
737,0.241706344,3.781993389,1
738,0.050847449,3.95338916,2
739,0.082352883,4.152938245,2
740,0.219827567,3.827585877,2
741,0.203883693,3.597090871,2
742,0.125000069,3.76389098,2
743,0.095454576,3.722728457,2
744,0.227091489,3.920316226,1
745,0.256410224,3.92307642,1
746,0.156398223,3.81042943,2
747,0.145374462,3.832599457,2
748,0.147058975,3.500003603,2
749,0.094170433,3.57847646,2
750,0.195980146,3.75377356,2
751,0.060913786,3.411172015,2
752,0.135000155,3.525004054,2
753,0.106666695,3.826667687,2
754,0.27272736,3.927273977,1
755,0.108597324,3.760182357,2
756,0.210280502,3.742992928,2
757,0.228571592,3.62857402,2
758,0.165957433,3.75319117,2
759,0.180257503,3.759656491,2
760,0.21348293,4.112355392,1
761,0.108870911,3.919352784,2
762,0.071090101,3.540287045,2
763,0.088607573,3.392404204,2
764,0.118942742,3.687224994,2
765,0.224999944,3.762499059,2
766,0.143540787,3.588519665,2
767,0.136363802,3.363640441,2
768,0.121457436,3.97165815,2
769,0.111111173,3.388890772,2
770,0.153061443,3.596943914,2
771,0.070754764,3.636794854,2
772,0.131004373,3.903930301,2
773,0.249097158,4.483748847,1
774,0.16455692,3.493670002,2
775,0.153191476,3.548935868,2
776,0.184210551,3.842105769,2
777,0.176470551,3.529411023,2
778,0.126168301,3.630843327,2
779,0.153488451,3.54418786,2
780,0.174273801,3.473027893,2
781,0.28085104,3.651063519,1
782,0.083333284,4.047616638,2
783,0.085714347,3.657145469,2
784,0.219895622,3.424088969,2
785,0.090909091,3.506493506,2
786,0.102127651,3.880850734,2
787,0.119205401,3.397353918,2
788,0.233945072,3.619267881,2
789,0.174999956,3.787499053,2
790,0.205479536,3.328768491,2
791,0.166666759,3.611113117,2
792,0.182608712,3.730435107,2
793,0.17333338,3.506667602,2
794,0.107142881,3.642857956,2
795,0.167910266,3.884324155,2
796,0.23502315,3.898619308,1
797,0.081447993,3.638010367,2
798,0.111627964,3.69767631,2
799,0.202072832,3.637310976,2
800,0.1500002,3.466671289,2
801,0.127118623,3.635592604,2
802,0.156398223,3.668249227,2
803,0.171052654,3.710526804,2
804,0.165137698,3.633029356,2
805,0.218623384,3.655868817,2
806,0.250000139,3.527779738,2
807,0.206521492,3.880430143,2
808,0.099526142,3.454978923,2
809,0.19999995,3.674999081,2
810,0.084677375,3.834675409,2
811,0.084112201,3.490656326,2
812,0.141509527,3.551889138,2
813,0.117187408,3.562497217,2
814,0.227678622,3.803572278,2
815,0.144736861,3.736842597,2
816,0.159183608,3.624488317,2
817,0.107623352,3.618835217,2
818,0.170305684,3.786026366,2
819,0.176470796,3.335298042,2
820,0.128755359,3.476394701,2
821,0.150579034,3.694977842,2
822,0.163865512,3.478990866,2
823,0.086124472,3.387562564,2
824,0.208955473,3.626870002,2
825,0.121076271,3.524664784,2
826,0.220408073,3.84489639,2
827,0.133828857,3.736055591,2
828,0.162499959,3.862499034,2
829,0.111940177,3.895518173,2
830,0.176470551,3.680671496,2
831,0.20168063,4.033612598,2
832,0.106060735,3.136367438,0
833,0.14338219,3.716907529,2
834,0.18090475,3.618094998,2
835,0.157342432,4.206287676,2
836,0.151898696,3.202530835,2
837,0.133005057,3.517244845,2
838,0.16935475,4.004030159,2
839,0.156250244,3.453130396,2
840,0.12442402,3.691245941,2
841,0.118421068,3.526316253,2
842,0.129310334,3.775861743,2
843,0.111111173,3.708335394,2
844,0.197368447,3.657895218,2
845,0.221401953,4.029515537,1
846,0.074626955,3.701496957,2
847,0.221198259,3.898619308,2
848,0.181395442,3.753490292,2
849,0.211453763,3.779736016,2
850,0.1163793,3.400861776,2
851,0.129310334,3.749999677,2
852,0.029556679,3.620693222,2
853,0.094488219,2.97637889,0
854,0.241935357,3.931449552,1
855,0.190677934,3.635592604,2
856,0.088983036,3.889829849,2
857,0.162561737,3.665028241,2
858,0.148648689,3.52702798,2
859,0.176470652,4.099548995,2
860,0.178899173,3.440368708,2
861,0.030927881,3.324747238,0
862,0.223140431,3.892560858,2
863,0.049586793,2.975207595,0
864,0.1163793,3.400861776,2
865,0.118421068,3.710526804,2
866,0.144736861,3.789474183,2
867,0.178571322,3.892854826,2
868,0.201923261,3.620195615,2
869,0.097165949,3.497974151,2
870,0.107142881,3.883929438,2
871,0.282511299,3.968611111,1
872,0.14410481,3.537118058,2
873,0.216101658,3.711863778,2
874,0.256097436,3.695120149,1
875,0.158653991,3.966349777,2
876,0.176470852,3.417117416,2
877,0.163636416,3.736364825,2
878,0.170616243,3.568723085,2
879,0.136986358,3.65753575,2
880,0.221198259,3.580646811,2
881,0.126582246,3.784809168,2
882,0.117391315,3.860869901,2
883,0.195402119,3.735628749,2
884,0.145748923,3.534411381,2
885,0.151515335,3.848489513,2
886,0.176470652,3.366517056,2
887,0.171052654,3.750000493,2
888,0.11764718,3.617650783,2
889,0.133928548,2.866070917,0
890,0.158653991,4.110580678,2
891,0.121457436,3.789471997,2
892,0.116666822,3.216670956,0
893,0.162162206,3.95946053,2
894,0.138655433,3.491595905,2
895,0.320512779,3.884614887,1
896,0.184210551,3.671053115,2
897,0.222707433,3.628821119,2
898,0.224669623,3.674009134,2
899,0.059405917,2.22772189,0
900,0.204255302,3.676595432,2
901,0.246753247,4.012987013,1
902,0.236111242,3.597224221,2
903,0.168103434,3.76293071,2
904,0.147982109,3.739911488,2
905,0.199052284,3.696685268,2
906,0.166666806,2.937502448,0
907,0.141025623,3.512820062,2
908,0.232044519,3.464093182,2
909,0.171806183,3.568282253,2
910,0.162162206,3.52702798,2
911,0.051282051,2.41025641,0
912,0.179487156,3.70512773,2
913,0.127906873,3.523252946,2
914,0.080357129,2.383928146,0
915,0.178899173,3.591744932,2
916,0.195652191,3.508695957,2
917,0.146341642,3.256101532,2
918,0.281250439,3.843756006,1
919,0.100961631,3.793272696,2
920,0.179487156,3.858973864,2
921,0.129186708,3.631581901,2
922,0.116278975,3.627904024,2
923,0.145374462,3.700440855,2
924,0.188340866,3.605382298,2
925,0.202702757,4.067568667,2
926,0.167381967,3.978540602,2
927,0.130434794,3.078261137,0
928,0.191489345,3.599999694,2
929,0.175532186,3.303196585,2
930,0.163636416,3.981819449,2
931,0.127358575,3.622643902,2
932,0.158536508,3.634144569,2
933,0.26027408,3.931508465,1
934,0.216101658,3.737287502,2
935,0.156398223,3.682467247,2
936,0.196428817,3.125003906,0
937,0.102857272,3.531433011,2
938,0.111111235,3.370374115,2
939,0.270270343,3.851352392,1
940,0.118421068,4.197368973,2
941,0.185022043,3.753304295,2
942,0.146017725,3.676991801,2
943,0.118942742,3.779736016,2
944,0.21794869,4.038461021,1
945,0.203619983,3.746607691,2
946,0.093750021,3.669643676,2
947,0.184834263,3.739339328,2
948,0.164705766,3.905879596,2
949,0.11440676,3.635592604,2
950,0.088983036,3.457626533,2
951,0.174107182,3.883929438,2
952,0.172042789,4.05375821,2
953,0.227091489,3.812746574,2
954,0.155378387,3.717129105,2
955,0.198113338,3.707549618,2
956,0.166666759,3.555557531,2
957,0.104803498,3.641921556,2
958,0.27272736,3.613637513,1
959,0.191082997,3.286627553,2
960,0.133758098,3.248410954,2
961,0.192307668,3.641025174,2
962,0.125000069,3.944446636,2
963,0.15483888,3.290326189,2
964,0.276150547,3.677823191,1
965,0.151260472,3.894957165,2
966,0.184615228,3.726919923,2
967,0.169565232,3.743478586,2
968,0.172566402,3.650443124,2
969,0.226890794,2.873950063,0
970,0.238806255,3.582093829,2
971,0.133928601,3.763393697,2
972,0.224299202,3.785049028,2
973,0.279412052,3.588238988,1
974,0.126760653,3.563382791,2
975,0.239436788,3.915495715,1
976,0.026086959,2.817391549,0
977,0.171052654,3.7236847,2
978,0.226415052,2.405659923,0
979,0.105000121,3.615004157,2
980,0.179487156,3.653845685,2
981,0.133333511,3.283337711,2
982,0.129496496,2.913671161,0
983,0.113445354,3.352940472,2
984,0.087378598,2.417474555,0
985,0.250000333,3.416671222,2
986,0.081818174,2.563636131,0
987,0.160714487,3.51786154,2
988,0.120000032,3.680000981,2
989,0.202898727,3.521742193,2
990,0.143540787,3.846893081,2
991,0.235714471,3.128573887,2
992,0.168367587,3.290821028,2
993,0.073469358,3.281631314,0
994,0.171428694,3.800002714,2
995,0.207792208,3.649350649,2
996,0.225000259,3.76500433,2
997,0.160000043,3.706667655,2
998,0.129496496,3.064750406,0
999,0.108597324,3.570137039,2
1000,0.087378598,2.708736549,0
1001,0.132158602,3.39647607,2
1002,0.108597324,3.488689046,2
1003,0.04166669,3.500001944,2
1004,0.157894758,3.907895251,2
1005,0.111111173,3.500001944,2
1006,0.037500045,3.468754119,2
1007,0.148148093,3.691356658,2
1008,0.20869567,3.730435107,2
1009,0.102564089,3.217948305,0
1010,0.214285883,3.064288122,0
1011,0.189473963,3.757900275,2
1012,0.125748654,3.215572713,0
1013,0.201923261,3.461541624,2
1014,0.075000019,2.8000007,0
1015,0.071090101,3.597159126,2
1016,0.164383629,3.342467127,2
1017,0.163636416,3.777273929,2
1018,0.147727138,3.704542087,2
1019,0.105263158,2.842105263,0
1020,0.177966117,2.567796828,0
1021,0.195980146,3.57286881,2
1022,0.203007626,3.022557982,0
1023,0.191234938,3.717129105,2
1024,0.126760653,3.591551825,2
1025,0.184834263,3.454978923,2
1026,0.181818182,4.012987013,2
1027,0.090517234,3.400861776,2
1028,0.094117581,3.823526713,2
1029,0.121076271,3.511211865,2
1030,0.136363815,3.545459179,2
1031,0.242553171,3.995744341,1
1032,0.128755359,3.566523452,2
1033,0.188340866,3.672646893,2
1034,0.167381967,3.862660778,2
1035,0.160000043,3.573334286,2
1036,0.168103434,3.594827276,2
1037,0.062761488,3.589957108,2
1038,0.09230782,3.692312805,2
1039,0.166666759,3.819446566,2
1040,0.153846134,3.525640574,2
1041,0.146666706,3.520000939,2
1042,0.294392702,3.939254729,1
1043,0.109589086,3.726028929,2
1044,0.147541201,3.737710433,2
1045,0.125000031,3.00000075,0
1046,0.12195116,3.634144569,2
1047,0.11999994,2.57999871,0
1048,0.147540917,3.36885094,2
1049,0.20869567,2.947826343,0
1050,0.273972715,3.7534262,1
1051,0.118110273,2.905512726,0
1052,0.106194681,2.654867022,0
1053,0.191176667,3.794121553,2
1054,0.156250244,3.640630688,2
1055,0.11594213,3.536234959,2
1056,0.090909036,2.787877098,0
1057,0.187499854,3.867184479,2
1058,0.107623352,4.008969868,2
1059,0.201492658,3.201494449,2
1060,0.195348937,3.530234364,2
1061,0.180555656,3.361112978,2
1062,0.144230901,3.576926344,2
1063,0.188340866,4.089687382,2
1064,0.172566402,3.570797092,2
1065,0.15126053,2.722689533,0
1066,0.132353077,3.338238731,2
1067,0.054298662,3.882354347,2
1068,0.12406002,3.789469695,2
1069,0.02857142,2.742856359,0
1070,0.267327024,3.846538843,1
1071,0.135000155,3.780004347,2
1072,0.214285867,3.657145469,2
1073,0.128755359,3.373390413,2
1074,0.206106949,3.229008866,2
1075,0.189320572,3.466022783,2
1076,0.158653991,3.432695443,2
1077,0.152284465,3.502542694,2
1078,0.208955473,3.462690702,2
1079,0.191780901,3.424658942,2
1080,0.194805397,3.642860928,2
1081,0.064516087,2.419353278,0
1082,0.137056018,3.532999587,2
1083,0.128834506,3.441721803,2
1084,0.236111242,3.597224221,2
1085,0.141025623,3.564102107,2
1086,0.045454566,2.863637665,0
1087,0.184834263,3.952609632,2
1088,0.153191476,3.599999694,2
1089,0.200000277,3.661543531,2
1090,0.18090475,3.723622768,2
1091,0.175675723,3.554055015,2
1092,0.156521753,2.739130673,0
1093,0.136363559,2.011362494,0
1094,0.173077081,3.562503254,2
1095,0.155172441,2.508621122,0
1096,0.102272669,2.318180501,0
1097,0.163179869,3.891212249,2
1098,0.190677934,4.080507783,2
1099,0.050000013,2.725000681,0
1100,0.181034514,2.689655636,0
1101,0.160000043,3.680000981,2
1102,0.201219758,3.384150468,2
1103,0.193916165,3.798475477,2
1104,0.13452919,3.71300565,2
1105,0.092664021,3.77605886,2
1106,0.138888966,3.972224429,2
1107,0.206896587,2.586207342,0
1108,0.163179869,3.364015751,2
1109,0.191999892,3.599997984,2
1110,0.179723585,3.829494852,2
1111,0.123711276,2.226802976,0
1112,0.159090981,3.204546911,2
1113,0.157894737,2.368421053,0
1114,0.128342438,3.705887902,2
1115,0.113636415,2.863637665,0
1116,0.165137584,2.477063766,0
1117,0.107142838,2.973213755,0
1118,0.145833455,2.895835747,0
1119,0.258992992,3.345326148,2
1120,0.118811834,2.554454434,0
1121,0.030927819,2.474225529,0
1122,0.249999773,3.874996477,1
1123,0.294642805,2.651785241,0
1124,0.237410243,2.892088412,0
1125,0.176470652,3.447965049,2
1126,0.170616243,3.511851004,2
1127,0.103448294,2.767241856,0
1128,0.096774131,2.483869365,0
1129,0.104347835,2.556521961,0
1130,0.197605027,3.574854581,2
1131,0.203007626,3.045114385,0
1132,0.197183237,3.676058927,2
1133,0.099056669,3.679247713,2
1134,0.199999943,2.77142778,0
1135,0.239264083,3.515341521,2
1136,0.250000333,3.816671756,1
1137,0.326087169,3.217393403,1
1138,0.166666645,3.717948241,2
1139,0.171428706,3.150002475,0
1140,0.26000026,3.14000314,2
1141,0.31343321,3.567168438,1
1142,0.148515013,3.59406332,2
1143,0.267857203,3.870536578,1
1144,0.142180203,3.511851004,2
1145,0.176470484,2.558822024,0
1146,0.156249902,2.781248262,0
1147,0.195348937,3.962792725,2
1148,0.118226717,3.73891994,2
1149,0.085714347,3.757145541,2
1150,0.149999925,2.93999853,0
1151,0.09292037,3.69026614,2
1152,0.309523957,3.261906315,1
1153,0.216494734,2.412369891,0
1154,0.130434794,3.391304643,2
1155,0.166666746,3.142858639,0
1156,0.090909132,3.136365062,0
1157,0.094170433,3.511211865,2
1158,0.201793785,3.551570622,2
1159,0.190476281,2.976191893,0
1160,0.176470551,3.718486614,2
1161,0.153846367,3.538466438,2
1162,0.147982109,3.57847646,2
1163,0.152073803,3.760370396,2
1164,0.115384571,2.30769142,0
1165,0.114285796,3.600002571,2
1166,0.163043354,2.445650313,0
1167,0.149999925,2.249998875,0
1168,0.13888885,2.805554776,0
1169,0.253521305,3.66197441,1
1170,0.062499961,2.65624834,0
1171,0.14876038,2.876034009,0
1172,0.265193736,3.745861527,1
1173,0.188340866,3.591929379,2
1174,0.168831169,3.532467532,2
1175,0.100000025,3.025000756,0
1176,0.025641026,2.769230769,0
1177,0.247706547,3.688075255,2
1178,0.210000242,3.660004209,2
1179,0.131250156,3.412504052,2
1180,0.115384721,3.750003425,2
1181,0.151079245,3.172664153,0
1182,0.144736861,3.421053082,2
1183,0.175000044,3.250000813,2
1184,0.176470551,3.655461417,2
1185,0.133663512,3.59406332,2
1186,0.162162162,2.783783784,0
1187,0.05853664,3.453661738,2
1188,0.134146276,3.646339685,2
1189,0.168224401,3.742992928,2
1190,0.101694898,3.572033293,2
1191,0.09459462,3.581082049,2
1192,0.253846291,3.161540164,2
1193,0.310345133,3.591136543,1
1194,0.171806183,3.581498113,2
1195,0.078260876,2.817391549,0
1196,0.178218016,3.415845304,2
1197,0.206477641,3.558702869,2
1198,0.163366515,3.415845304,2
1199,0.237409756,4.014383146,1
1200,0.094488219,3.094489164,0
1201,0.181034467,3.56896521,2
1202,0.149999873,3.680766116,2
1203,0.123456744,3.580245588,2
1204,0.182243101,3.644862027,2
1205,0.158590322,3.726872575,2
1206,0.093749941,2.562498398,0
1207,0.156249902,2.68749832,0
1208,0.187500073,2.835938608,0
1209,0.206896756,3.605914883,2
1210,0.107142838,2.598213822,0
1211,0.201793785,3.618835217,2
1212,0.239264083,3.496936592,2
1213,0.180451223,3.270678413,2
1214,0.171428787,3.754290434,2
1215,0.206008575,3.643776668,2
1216,0.129310367,2.844828077,0
1217,0.246154187,3.400004708,2
1218,0.139534955,3.809304275,2
1219,0.165137698,3.247708061,2
1220,0.081081103,3.567568532,2
1221,0.215246704,3.605382298,2
1222,0.03571426,1.964284311,0
1223,0.140186863,2.943924133,0
1224,0.129729912,3.681086254,2
1225,0.125874223,3.461541124,2
1226,0.342857574,3.600004526,1
1227,0.156398223,3.82464745,2
1228,0.076923077,2.743589744,0
1229,0.133333369,3.453334254,2
1230,0.136986358,3.506850756,2
1231,0.166666806,3.104169253,0
1232,0.161764872,3.63235668,2
1233,0.106060735,3.484852709,2
1234,0.116504798,2.300969757,0
1235,0.200000143,3.414288153,2
1236,0.121212048,2.272725895,0
1237,0.142857321,3.410718549,2
1238,0.167598009,3.452518981,2
1239,0.150000048,3.177273738,0
1240,0.188976437,3.047245054,0
1241,0.206422123,3.646790831,2
1242,0.105263158,2.5,0
1243,0.198113338,3.438681516,2
1244,0.098360611,3.614752469,2
1245,0.250995856,3.322707045,2
1246,0.225663757,3.557522754,2
1247,0.142180203,3.582941106,2
1248,0.115384721,3.403849263,2
1249,0.145946151,3.25946404,2
1250,0.103896104,3.61038961,2
1251,0.209790371,3.000002308,0
1252,0.257510719,3.708154347,1
1253,0.129310367,3.051724664,0
1254,0.200836761,3.677823191,2
1255,0.144230714,3.173075703,0
1256,0.224299202,3.757011628,2
1257,0.087866083,3.502091024,2
1258,0.160975759,3.629271656,2
1259,0.11999994,2.669998665,0
1260,0.090909091,3.857142857,2
1261,0.102564103,2.256410256,0
1262,0.174757197,2.242717358,0
1263,0.197674258,3.662787716,2
1264,0.164062372,3.855465738,2
1265,0.228699623,3.645741055,2
1266,0.130434683,2.282606959,0
1267,0.191176667,3.323532833,2
1268,0.12558146,3.432559896,2
1269,0.118421068,3.605263632,2
1270,0.189873298,2.620251506,0
1271,0.08333331,2.916665856,0
1272,0.172414031,3.517246231,2
1273,0.157894667,3.546557125,2
1274,0.161764872,3.63235668,2
1275,0.041666649,1.916665868,0
1276,0.172661995,3.302160649,2
1277,0.292035372,2.495575,0
1278,0.142857245,3.814288439,2
1279,0.116504798,2.67961035,0
1280,0.248407896,3.305735853,2
1281,0.108695723,3.000001957,0
1282,0.026315789,2.578947368,0
1283,0.135746655,3.71945836,2
1284,0.228915525,3.602407468,2
1285,0.05999997,2.3999988,0
1286,0.161764872,3.661768475,2
1287,0.118226717,3.576358203,2
1288,0.14062522,3.578130591,2
1289,0.083720973,3.460466887,2
1290,0.219827567,3.543103143,2
1291,0.174757451,3.524275266,2
1292,0.022388073,2.753732987,0
1293,0.165898694,3.552997029,2
1294,0.121621654,3.648649635,2
1295,0.169811433,3.523587233,2
1296,0.174887947,3.766817326,2
1297,0.130434794,2.634782838,0
1298,0.186528768,3.295341568,2
1299,0.16167684,3.502998207,2
1300,0.155378387,3.66932037,2
1301,0.123077093,3.476927891,2
1302,0.188405961,3.84058305,2
1303,0.219178172,3.452056213,2
1304,0.145631209,3.728158959,2
1305,0.153846154,2.641025641,0
1306,0.228813579,2.89830533,0
1307,0.268085084,3.880850734,1
1308,0.188811334,3.12587653,0
1309,0.187500171,3.692311065,2
1310,0.18292674,3.817071309,2
1311,0.13888885,2.277777145,0
1312,0.192660648,3.784405579,2
1313,0.139534955,3.516280869,2
1314,0.173077081,3.692311065,2
1315,0.162561737,3.871924997,2
1316,0.275109182,3.72052418,1
1317,0.167381967,3.618025596,2
1318,0.146341392,3.536583641,2
1319,0.178808101,3.437089052,2
1320,0.197368447,3.578947839,2
1321,0.17647077,3.764709758,2
1322,0.0,2.736842105,0
1323,0.232876808,3.49315212,2
1324,0.05999997,2.429998785,0
1325,0.135000155,3.510004037,2
1326,0.181034514,2.922414297,0
1327,0.107913747,3.086333156,0
1328,0.291261995,2.796115148,0
1329,0.146341599,3.643905816,2
1330,0.133928548,2.303571017,0
1331,0.183673732,4.025515955,2
1332,0.108108108,2.432432432,0
1333,0.119403128,3.656720784,2
1334,0.220588462,3.602944885,2
1335,0.081081103,3.6216226,2
1336,0.103448378,3.428574806,2
1337,0.159420428,3.84058305,2
1338,0.321428824,2.892859416,0
1339,0.082568849,3.481653133,2
1340,0.104347835,2.58260892,0
1341,0.252100883,3.100840857,2
1342,0.124999922,2.187498633,0
1343,0.200957101,3.789476767,2
1344,0.201219758,3.713419163,2
1345,0.229729792,3.675676669,2
1346,0.116504798,2.417474555,0
1347,0.137614654,2.779816004,0
1348,0.236220547,3.070867109,2
1349,0.127659507,2.712764514,0
1350,0.144927662,3.942032413,2
1351,0.151162668,3.953485154,2
1352,0.124138042,3.144830406,0
1353,0.214285676,2.758928079,0
1354,0.165137698,3.495414608,2
1355,0.222707433,3.681222868,2
1356,0.227272831,3.295456043,2
1357,0.303030119,2.939392158,0
1358,0.112149491,3.22429786,0
1359,0.28000028,3.62000362,1
1360,0.161290557,3.387101691,2
1361,0.250995856,3.5019898,2
1362,0.108108108,3.0,0
1363,0.239264083,3.404911944,2
1364,0.113207526,2.91509379,0
1365,0.103960509,3.668320827,2
1366,0.219827567,3.60775831,2
1367,0.116504798,2.388348355,0
1368,0.181395442,3.795350779,2
1369,0.153846302,3.403849427,2
1370,0.075630265,3.176471122,0
1371,0.115384571,2.82692199,0
1372,0.176470652,3.556562373,2
1373,0.105000121,3.43500395,2
1374,0.13452919,3.565023541,2
1375,0.144230714,2.711537419,0
1376,0.270386254,3.630901132,1
1377,0.158940534,3.417221485,2
1378,0.227273003,3.636368044,2
1379,0.147058737,2.999998235,0
1380,0.156398223,3.511851004,2
1381,0.189075591,3.441175748,2
1382,0.18090475,3.814075143,2
1383,0.114285682,2.82857062,0
1384,0.217194649,3.502263711,2
1385,0.104803498,3.641921556,2
1386,0.062500052,3.187502656,0
1387,0.19444439,2.861110316,0
1388,0.09574463,2.234041365,0
1389,0.120967781,3.120968749,0
1390,0.115384601,3.358973928,2
1391,0.058252484,3.451459662,2
1392,0.201922999,2.62499899,0
1393,0.1648354,3.346158626,2
1394,0.350000088,3.025000756,1
1395,0.205882565,3.647062578,2
1396,0.25000024,3.538464941,2
1397,0.100840353,2.672269357,0
1398,0.216101658,3.826270538,2
1399,0.230769314,3.665159698,2
1400,0.105726882,3.832599457,2
1401,0.088235242,2.588233772,0
1402,0.143712747,3.46707002,2
1403,0.125000031,2.975000744,0
1404,0.100840353,2.596639092,0
1405,0.157894667,3.619431586,2
1406,0.130434794,2.765217632,0
1407,0.252100883,3.100840857,2
1408,0.14925391,3.582093829,2
1409,0.096774143,3.713707731,2
1410,0.369565458,3.217393403,1
1411,0.129310367,2.87069015,0
1412,0.096153939,3.519234153,2
1413,0.169811289,2.745282501,0
1414,0.23999988,2.81999859,0
1415,0.217742006,2.927420299,0
1416,0.112499944,1.949999025,0
1417,0.17999991,2.75999862,0
1418,0.109756031,2.451218018,0
1419,0.134328318,1.701492029,0
1420,0.037499981,2.137498931,0
1421,0.140186863,2.551400915,0
1422,0.206896737,3.39310649,2
1423,0.028037373,3.168223115,0
1424,0.14876038,3.099174578,0
1425,0.136363802,3.742428779,2
1426,0.209302228,2.37209192,0
1427,0.074999963,2.062498969,0
1428,0.033707839,2.292133029,0
1429,0.113636415,3.204546911,0
1430,0.171428501,3.440814922,2
1431,0.201219758,3.676833752,2
1432,0.153409291,3.528413702,2
1433,0.036144561,2.204818215,0
1434,0.225000056,3.300000825,2
1435,0.125000195,3.593755615,2
1436,0.187499906,2.362498819,0
1437,0.152542386,3.177966371,0
1438,0.259615285,2.538460562,0
1439,0.107142838,2.758928079,0
1440,0.106194681,2.681415692,0
1441,0.103448205,2.103446825,0
1442,0.084112118,2.887849388,0
1443,0.214285883,3.08571671,0
1444,0.135135135,2.783783784,0
1445,0.05555554,2.555554846,0
1446,0.069767409,2.999998605,0
1447,0.03571433,3.160718237,0
1448,0.191176667,3.441180013,2
1449,0.05454545,2.836363379,0
1450,0.074999963,1.987499006,0
1451,0.159090981,2.977274081,0
1452,0.18090475,3.482416435,2
1453,0.059405917,2.405939641,0
1454,0.058252399,2.563105552,0
1455,0.093749941,2.343748535,0
1456,0.185840692,2.707964362,0
1457,0.146341499,3.024390982,0
1458,0.128205128,3.102564103,0
1459,0.183673732,3.612250058,2
1460,0.201922999,2.509614419,0
1461,0.058252399,2.737862749,0
1462,0.080357129,2.785713788,0
1463,0.223880864,3.313436792,2
1464,0.09292037,4.008850267,2
1465,0.211453763,3.687224994,2
1466,0.17647077,3.485297705,2
1467,0.164383629,3.534248028,2
1468,0.13888885,2.805554776,0
1469,0.195918287,3.746937246,2
1470,0.122950764,3.504096781,2
1471,0.109589086,3.438357577,2
1472,0.0,0.0,0
1474,0.0,0.0,0
1475,0.248804899,4.880403791,1
1476,0.29228011,4.555157944,1
1477,0.211503215,4.786651698,1
1478,0.36305877,4.853522506,1
1479,0.072115263,4.312492743,2
1480,0.244093719,4.251955112,1
1481,0.049861344,4.171732441,2
1482,0.311688948,5.031550157,1
1483,0.218371603,4.487016508,1
1484,0.079999744,4.367986022,2
1485,0.195540946,4.749586662,1
1486,0.351956094,5.000011173,1
1487,0.225610031,4.786591203,1
1488,0.360236717,4.665360759,1
1489,0.301888074,4.297188054,1
1490,0.17030564,4.349344029,2
1491,0.252809557,4.297762467,1
1492,0.344427218,4.831964443,1
1493,0.265403976,4.673005714,1
1494,0.129807474,4.53605006,2
1495,0.245218116,4.700883463,1
1496,0.157894548,4.815783713,1
1497,0.135135044,4.574321234,2
1498,0.278146708,5.240085312,1
1499,0.303644032,4.712555377,1
1500,0.309416971,4.674886844,1
1501,0.248705436,4.673589659,1
1502,0.219101616,4.303380457,1
1503,0.196154223,5.01347118,1
1504,0.28685299,4.673313289,1
1505,0.263060241,4.908592163,1
1506,0.256410256,4.557692308,1
1507,0.285192634,4.716647407,1
1508,0.186045935,4.558125401,1
1509,0.332673728,4.835650267,1
1510,0.149625562,4.683280092,2
1511,0.069078834,4.085519596,2
1512,0.108280324,4.242040918,2
1513,0.478917899,5.019601748,1
1514,0.314786675,4.306854051,1
1515,0.249654644,4.169232562,1
1516,0.216367358,3.998635221,2
1517,0.17059734,3.682406005,2
1518,0.170956291,4.439348844,2
1519,0.275189294,4.22708801,1
1520,0.183080073,3.898773364,2
1521,0.244792432,4.80209834,1
1522,0.184524029,4.660719834,1
1523,0.236335355,4.562719304,1
1524,0.143058266,3.892026353,2
1525,0.178919162,3.782267863,2
1526,0.216367358,3.773946041,2
1527,0.220528269,3.994474311,1
1528,0.136585899,3.995137542,2
1529,0.233011001,3.957026114,1
1530,0.203884626,3.882129721,2
1531,0.159049738,4.031088191,2
1532,0.195562805,3.836359702,2
1533,0.258374318,4.172266771,1
1534,0.188455616,3.97284813,2
1535,0.136612395,4.032797904,2
1536,0.208624277,4.164140574,1
1537,0.209416434,3.974042102,2
1538,0.170923648,3.954819575,2
1539,0.233899098,4.169505659,1
1540,0.206731564,4.110592733,2
1541,0.182986317,4.213500731,2
1542,0.143312672,4.117850788,2
1543,0.227586952,3.956909514,1
1544,0.297946226,4.140425138,1
1545,0.18881175,4.138124187,2
1546,0.259532086,4.271282291,1
1547,0.300449913,4.237689065,1
1548,0.181651843,3.891753116,2
1549,0.201492951,4.197769809,1
1550,0.174757553,4.159229762,2
1551,0.159633438,4.122946371,2
1552,0.163543998,3.904612963,2
1553,0.17680642,4.106471685,2
1554,0.249098102,3.980154462,1
1555,0.211428934,4.045721221,2
1556,0.179191062,3.79191409,2
1557,0.245493734,4.219163491,1
1558,0.139806042,3.972821705,2
1559,0.218701342,4.045974826,1
1560,0.170886779,4.053814145,2
1561,0.168540273,4.10395564,2
1562,0.201724799,3.894840345,2
1563,0.197116143,4.110592733,2
1564,0.257976466,4.173393472,1
1565,0.188680046,3.962280972,2
1566,0.29646162,4.199135483,1
1567,0.168082036,4.01359529,2
1568,0.204236964,4.107432274,2
1569,0.253379192,4.464541356,1
1570,0.231203442,3.806398132,2
1571,0.196428805,3.910718941,2
1572,0.231840297,4.191672575,1
1573,0.204762782,4.147636823,1
1574,0.287102841,4.069370704,1
1575,0.183006536,4.045751634,2
1576,0.247117864,4.304793197,1
1577,0.181661434,4.089977427,2
1578,0.15875953,3.89234571,2
1579,0.230400922,4.14241657,1
1580,0.24402019,4.090926707,1
1581,0.156794944,4.04008306,2
1582,0.225000788,4.16001456,1
1583,0.224888601,4.097470318,1
1584,0.195562805,3.894612453,2
1585,0.259152133,4.216712677,1
1586,0.23039306,4.000015686,1
1587,0.232044712,4.071832203,1
1588,0.201735314,3.92407724,2
1589,0.215139742,4.254986013,1
1590,0.163445128,4.05449366,2
1591,0.137930939,4.158617822,2
1592,0.218978662,4.012783974,1
1593,0.275797943,4.311453551,1
1594,0.248120767,4.421060942,1
1595,0.182204393,3.995784723,2
1596,0.251786344,4.317867938,1
1597,0.233232738,4.111298663,1
1598,0.180451467,3.986849599,2
1599,0.251825461,4.538332762,1
1600,0.211078855,3.974569938,2
1601,0.187780329,4.135638203,2
1602,0.203314202,4.030139297,2
1603,0.179439688,3.925243183,2
1604,0.133928512,3.904016114,2
1605,0.206704373,3.988835729,2
1606,0.263637562,4.213655517,1
1607,0.154762089,4.208338343,2
1608,0.2000007,4.04001414,2
1609,0.212598718,4.057092205,2
1610,0.216367358,3.869646988,2
1611,0.249202313,4.054329938,1
1612,0.223102184,3.868686802,2
1613,0.241122081,3.897205732,1
1614,0.222656598,4.113287677,1
1615,0.134615902,3.831745507,2
1616,0.299585573,3.957026114,1
1617,0.162275519,3.819716059,2
1618,0.248121495,4.046636014,1
1619,0.208045537,4.044405239,2
1620,0.178572066,3.984708109,2
1621,0.150000491,3.900012776,2
1622,0.249636276,3.906588733,1
1623,0.243005635,4.139932365,1
1624,0.285047928,4.177587663,1
1625,0.237931814,4.044840837,1
1626,0.210441212,4.027746919,2
1627,0.201429636,3.754305558,2
1628,0.157303724,3.898885166,2
1629,0.163987797,3.993585183,2
1630,0.203884626,3.728176023,2
1631,0.228210096,4.093518596,1
1632,0.19292682,4.041816888,2
1633,0.181149655,4.170860355,2
1634,0.173175431,3.820046279,2
1635,0.264152065,4.132093014,1
1636,0.25321166,4.067900358,1
1637,0.177122229,3.846873405,2
1638,0.227210187,3.719514915,2
1639,0.164210561,3.745263946,2
1640,0.224852337,3.9704189,1
1641,0.220826408,3.883313172,2
1642,0.22770446,3.996213275,1
1643,0.253379192,3.937512637,1
1644,0.148809701,3.696432972,2
1645,0.229618145,4.237952285,1
1646,0.241936498,4.045178254,1
1647,0.199723716,3.794750595,2
1648,0.31444924,4.534018096,1
1649,0.299585573,4.21500258,1
1650,0.161043636,4.072103377,2
1651,0.202765911,4.221217609,1
1652,0.223548011,4.117754362,1
1653,0.257017463,4.174318106,1
1654,0.224216353,3.744413089,2
1655,0.21206966,3.817253884,2
1656,0.237342749,4.12501697,1
1657,0.199262507,3.741707082,2
1658,0.196639383,3.897493402,2
1659,0.182994894,4.031432978,2
1660,0.205480156,4.058233076,2
1661,0.231140612,4.237577878,1
1662,0.231933631,4.008418182,1
1663,0.198529886,4.009200757,2
1664,0.249654644,4.027761596,1
1665,0.170079437,3.822062893,2
1666,0.177102475,3.928454894,2
1667,0.180996294,3.832596528,2
1668,0.212389334,3.929202671,2
1669,0.170079437,3.99214233,2
1670,0.248276675,3.775874438,1
1671,0.255209131,4.036470947,1
1672,0.210763371,4.148002524,1
1673,0.203884626,4.106818901,2
1674,0.21206966,3.987944098,2
1675,0.221699054,4.089640003,1
1676,0.194196342,3.749998326,2
1677,0.184466736,4.063122575,2
1678,0.241158526,4.003231524,1
1679,0.286518464,3.935415368,1
1680,0.293311419,4.235005226,1
1681,0.231429795,4.174307778,1
1682,0.235809096,4.056789817,1
1683,0.297639014,4.124426336,1
1684,0.267460489,4.27936783,1
1685,0.287102841,4.015278864,1
1686,0.269159533,4.211225186,1
1687,0.246895522,4.080763718,1
1688,0.233011001,4.144267097,1
1689,0.264152065,4.174546024,1
1690,0.246576468,4.02741565,1
1691,0.287102841,3.873807899,1
1692,0.237171912,3.873807899,1
1693,0.280058082,4.20511454,1
1694,0.279945849,4.357962997,1
1695,0.233011001,4.131784365,1
1696,0.169708463,4.029207374,2
1697,0.261470438,5.346619638,1
1698,0.147708456,3.96266134,2
1699,0.212265052,4.235867039,1
1700,0.196970393,4.01516571,2
1701,0.253815555,3.815555149,1
1702,0.270459198,4.264933509,1
1703,0.228850091,3.948704292,1
1704,0.232559113,3.953504922,1
1705,0.208045537,3.898773364,2
1706,0.200893844,4.049127027,2
1707,0.234514416,4.000019469,1
1708,0.271494441,3.995493192,1
1709,0.271534194,4.195641263,1
1710,0.201924214,3.762383827,2
1711,0.225001158,3.926490798,2
1712,0.24570823,4.288004921,1
1713,0.266251265,4.08001938,1
1714,0.230770522,3.918903043,1
1715,0.341895488,4.555396218,1
1716,0.350848647,4.754253404,1
1717,0.157894321,4.405251565,2
1718,0.281768578,4.740341968,1
1719,0.35326183,4.760882502,1
1720,0.097560658,4.365839461,2
1721,0.242719389,4.35924023,1
1722,0.181347714,4.077732884,2
1723,0.097560658,4.593480997,2
1724,0.110526025,4.649987763,2
1725,0.284274595,4.766135759,1
1726,0.124628784,4.362007449,2
1727,0.165276011,3.921548987,2
1728,0.20124896,4.151344834,2
1729,0.211991525,4.586725733,1
1730,0.264848617,4.064222419,1
1731,0.182555929,4.472620262,1
1732,0.117469632,4.418665382,2
1733,0.21176508,4.223536865,1
1734,0.208762295,4.469059495,1
1735,0.097826108,4.376087908,2
1736,0.269416953,4.194166613,1
1737,0.205929169,4.441517754,1
1738,0.253142468,4.222631798,1
1739,0.207037741,4.262541717,1
1740,0.159794309,4.417539436,2
1741,0.29126157,4.463583566,1
1742,0.069970682,4.189494602,2
1743,0.2065223,4.43479466,1
1744,0.064024234,3.905478279,2
1745,0.257485338,4.604795934,1
1746,0.162680126,3.961739548,2
1747,0.189130476,5.015218482,1
1748,0.188889309,4.188898198,2
1749,0.097922616,4.379811561,2
1750,0.224824093,4.159245715,1
1751,0.203654661,4.402073831,1
1752,0.064342974,4.455750935,2
1753,0.255426562,4.41737702,1
1754,0.246729571,4.29533754,1
1755,0.248162358,4.180157048,1
1756,0.248849073,4.161309499,1
1757,0.223968918,4.237727682,1
1758,0.178861207,4.39835968,2
1759,0.101391811,4.139171593,2
1760,0.195945814,3.993240545,2
1761,0.229462959,4.168577087,1
1762,0.09285701,4.45713649,2
1763,0.236219728,4.527544795,1
1764,0.297399096,4.171022324,1
1765,0.058679592,4.09290153,2
1766,0.242389326,4.053873662,1
1767,0.267161955,4.463831002,1
1768,0.291667014,4.595243566,1
1769,0.296161581,4.458877142,1
1770,0.008849534,4.318572606,2
1771,0.301632197,3.941599115,1
1772,0.144902025,3.810386577,2
1773,0.227273531,4.055569893,1
1774,0.211765796,3.8206079,2
1775,0.1491716,4.033158084,2
1776,0.239341069,3.953254213,1
1777,0.267857462,4.857148639,1
1778,0.312992557,4.482289641,1
1779,0.152683096,3.957380783,2
1780,0.183962047,4.103768746,2
1781,0.197635769,3.66386311,2
1782,0.203703829,4.76543504,1
1783,0.289156975,4.234944861,1
1784,0.106266711,4.307888995,2
1785,0.257463215,4.343292496,1
1786,0.242647639,3.998171319,1
1787,0.226416056,4.033035989,1
1788,0.13274301,4.637155831,2
1789,0.060483839,4.076610766,2
1790,0.241573577,4.77529163,1
1791,0.232759624,3.986470385,1
1792,0.25423815,3.767809382,1
1793,0.231933631,3.857157119,2
1794,0.194737457,3.605274543,2
1795,0.262178965,3.906896381,1
1796,0.109090612,3.763626099,2
1797,0.225000563,4.167867563,1
1798,0.258334733,3.895854436,1
1799,0.223570927,3.8319017,2
1800,0.213968392,3.887092446,2
1801,0.189684555,3.763740899,2
1802,0.239733816,3.912322684,1
1803,0.257525342,3.622077213,1
1804,0.209104941,3.610260822,2
1805,0.212852688,3.686769197,2
1806,0.213570824,3.844274834,2
1807,0.185283667,3.883072602,2
1808,0.198151799,3.986814187,2
1809,0.208589213,3.914115232,2
1810,0.237438379,4.070372213,1
1811,0.241993572,4.010687575,1
1812,0.116882783,4.020767733,2
1813,0.130434416,4.081829949,2
1814,0.113030324,3.715871907,2
1815,0.184615887,4.0508986,2
1816,0.173077898,3.708812096,2
1817,0.189789271,3.812433595,2
1818,0.152542114,3.803383384,2
1819,0.218183039,3.818203179,2
1820,0.172103681,3.634424786,2
1821,0.129264239,3.576310605,2
1822,0.21232107,3.751005576,2
1823,0.169811453,3.665929596,2
1824,0.22641527,3.775807595,2
1825,0.19899967,3.83355968,2
1826,0.174529043,3.707562909,2
1827,0.179800362,3.705885232,2
1828,0.157069029,3.663635104,2
1829,0.168408322,3.963470277,2
1830,0.187499574,4.048286254,2
1831,0.187222343,3.682039404,2
1832,0.166424184,3.512426193,2
1833,0.211217814,3.705261651,2
1834,0.177998298,3.615590426,2
1835,0.097825821,3.61140323,2
1836,0.121252373,3.543698377,2
1837,0.271429444,3.800012214,1
1838,0.188268499,3.523895161,2
1839,0.175183351,3.727025798,2
1840,0.173685262,3.675022244,2
1841,0.173141089,3.516095961,2
1842,0.119866908,3.552721961,2
1843,0.171129599,3.516887872,2
1844,0.156492907,3.416206872,2
1845,0.206294211,3.909100477,2
1846,0.157500748,3.558766904,2
1847,0.19977818,3.612655415,2
1848,0.189789271,3.812433595,2
1849,0.084805531,3.816248888,2
1850,0.204189738,3.80499723,2
1851,0.1537274,3.642873547,2
1852,0.133185453,3.559381234,2
1853,0.17926897,3.768306929,2
1854,0.195332511,3.88453711,2
1855,0.231071884,3.646235996,2
1856,0.147727138,3.545451322,2
1857,0.203107816,3.72586305,2
1858,0.182657298,3.642075828,2
1859,0.196552063,3.631040743,2
1860,0.249085253,3.820528215,1
1861,0.239733816,3.672588869,2
1862,0.182609535,3.827346784,2
1863,0.21111158,3.650008111,2
1864,0.115384518,3.57692005,2
1865,0.266370906,3.695896323,1
1866,0.276359815,3.742511232,1
1867,0.208861619,3.906661641,2
1868,0.213096725,3.682577778,2
1869,0.210938423,4.232831019,1
1870,0.236256766,4.065399439,1
1871,0.289475099,4.08272672,1
1872,0.252919863,4.019480277,1
1873,0.241667976,3.995854978,1
1874,0.295775481,3.977123879,1
1875,0.237070192,3.931054816,1
1876,0.223881056,4.270531152,1
1877,0.272347814,3.854769062,1
1878,0.28967836,3.915652321,1
1879,0.260090969,3.923786171,1
1880,0.260870274,4.065228438,1
1881,0.234899171,4.067111364,1
1882,0.200311461,3.950328348,2
1883,0.261663498,4.174445578,1
1884,0.207302444,3.919189596,2
1885,0.303280429,4.155761549,1
1886,0.304015878,4.170180058,1
1887,0.294041449,4.096712617,1
1888,0.197142294,3.73713218,2
1889,0.286713988,4.076933055,1
1890,0.273649527,4.190891829,1
1891,0.1469068,4.09019459,2
1892,0.271187054,4.180800409,1
1893,0.181268444,3.779447059,2
1894,0.115384601,3.423076484,2
1895,0.255172238,4.310341855,1
1896,0.199262507,4.262003629,1
1897,0.251713191,4.284261247,1
1898,0.260303631,4.0932746,1
1899,0.22756123,4.03162646,1
1900,0.185184774,4.162953712,2
1901,0.357354781,4.182374468,1
1902,0.108910675,3.881180433,2
1903,0.221238351,3.893794972,2
1904,0.214285168,4.224479019,1
1905,0.151898494,3.854424281,2
1906,0.303318829,4.213288114,1
1907,0.135678562,3.527642623,2
1908,0.297030115,4.229708833,1
1909,0.270869747,4.277697709,1
1910,0.187499684,3.822108953,2
1911,0.228814335,4.245777104,1
1912,0.273073476,4.145407075,1
1913,0.263297102,4.292540634,1
1914,0.215164155,4.16188951,1
1915,0.202248327,3.716313013,2
1916,0.200836761,3.552300215,2
1917,0.310697097,4.156210351,1
1918,0.188810918,3.755239372,2
1919,0.22826149,3.923923706,1
1920,0.209184421,4.341852241,1
1921,0.181035076,4.132772159,2
1922,0.219925225,4.161661958,1
1923,0.18243213,3.628372372,2
1924,0.103896104,3.337662338,2
1925,0.188172549,4.04839798,2
1926,0.252747808,4.109899143,1
1927,0.02777777,2.583332616,0
1928,0.229907101,4.093467891,1
1929,0.180722543,3.961438147,2
1930,0.177897095,3.929908545,2
1931,0.1671823,3.780177566,2
1932,0.156818039,3.974996386,2
1933,0.193068972,4.009894042,2
1934,0.201581346,3.776685813,2
1935,0.18604636,3.651159819,2
1936,0.206897513,3.949043841,2
1937,0.230769891,4.116290852,1
1938,0.255119155,3.959071328,1
1939,0.265989687,3.797983885,1
1940,0.21308463,3.86356079,2
1941,0.130718954,3.810457516,2
1942,0.214796777,3.873501882,2
1943,0.116197019,3.454220487,2
1944,0.165957517,4.053193214,2
1945,0.175126415,3.875623697,2
1946,0.191488801,3.957435231,2
1947,0.154506471,3.849786234,2
1948,0.212904489,4.068411245,1
1949,0.155619148,3.544658373,2
1950,0.062500098,3.312505176,0
1951,0.195653055,3.922377911,2
1952,0.191037511,3.941033088,2
1953,0.18810365,3.940530308,2
1954,0.133928601,3.455357914,2
1955,0.129310334,3.323275576,2
1956,0.218182083,4.072732209,1
1957,0.027027027,2.540540541,0
1958,0.233564701,4.136690367,1
1959,0.282918955,4.072965332,1
1960,0.254144208,4.182329685,1
1961,0.24000084,3.985013948,1
1962,0.147368204,3.778941799,2
1963,0.271248377,4.17722501,1
1964,0.238854454,3.964983937,1
1965,0.141891657,3.618237254,2
1966,0.213894475,4.053026086,1
1967,0.0,3.078947368,0
1968,0.19844385,4.103118428,2
1969,0.246377764,4.072479507,1
1970,0.212962569,3.777770782,2
1971,0.170731624,3.426827597,2
1972,0.18677029,3.66536694,2
1973,0.194621054,3.930395916,2
1974,0.18857089,3.891417453,2
1975,0.099999975,3.574999106,2
1976,0.201923854,4.096169601,2
1977,0.19474585,4.187035769,2
1978,0.248311608,4.170621494,1
1979,0.220676295,4.127243145,1
1980,0.247059737,4.003376147,1
1981,0.222680642,3.909282381,2
1982,0.159762983,3.674548603,2
1983,0.171195187,3.904880693,2
1984,0.263737326,4.267416462,1
1985,0.210098507,4.138451984,1
1986,0.21784255,4.058095496,1
1987,0.12195116,3.317071553,2
1988,0.226258184,4.148066708,1
1989,0.289158368,4.257053757,1
1990,0.219100508,3.514035073,2
1991,0.309160954,4.202298898,1
1992,0.231742875,4.053393558,1
1993,0.150838208,3.268161172,2
1994,0.305234067,4.111938925,1
1995,0.194384491,3.83585396,2
1996,0.211586475,3.740546619,2
1997,0.180379461,3.550627293,2
1998,0.269407623,4.114174037,1
1999,0.171428339,3.55713803,2
2000,0.129310367,2.71551771,0
2001,0.0,1.548386847,0
2002,0.134615126,3.576916198,2
2003,0.103448205,2.379308704,0
2004,0.224863423,3.954305559,1
2005,0.211453651,3.87224499,2
2006,0.286004289,3.912782079,1
2007,0.12558146,3.460466887,2
2008,0.242291923,4.211474153,1
2009,0.174756942,3.749992718,2
2010,0.224453128,3.952564842,1
2011,0.105769027,3.567300832,2
2012,0.207492197,3.786732603,2
2013,0.203947368,3.894736842,2
2014,0.148883079,3.960289905,2
2015,0.311419601,4.131500041,1
2016,0.201342147,4.053688555,2
2017,0.264575296,3.964145115,1
2018,0.235650686,4.078569564,1
2019,0.264971329,3.920677464,1
2020,0.20963815,3.903606933,2
2021,0.268966398,4.381048834,1
2022,0.196809034,3.824478257,2
2023,0.202614379,3.849673203,2
2024,0.159217388,3.812837447,2
2025,0.051724147,2.534483196,0
2026,0.0387931,3.56896521,2
2027,0.168103434,3.271551442,2
2028,0.338523508,4.042826726,1
2029,0.207089977,3.973888752,2
2030,0.276050321,3.949955325,1
2031,0.130434683,2.282606959,0
2032,0.175824562,3.950558133,2
2033,0.129310367,2.741379783,0
2034,0.121323391,3.496319545,2
2035,0.336273777,4.073068891,1
2036,0.242647639,4.125009858,1
2037,0.280136727,3.988128315,1
2038,0.151315789,3.980263158,2
2039,0.175781525,3.755865244,2
2040,0.340165886,4.094285787,1
2041,0.130434794,2.58260892,0
2042,0.126050441,2.495798739,0
2043,0.206303252,3.782226287,2
2044,0.223455719,3.855799746,2
2045,0.246576509,3.99379225,1
2046,0.138888966,3.611113117,2
2047,0.267857462,4.095242971,1
2048,0.243631543,4.00320065,1
2049,0.221419324,3.842276503,2
2050,0.285348731,3.721101693,1
2051,0.223405308,3.861720321,2
2052,0.189015303,3.906316261,2
2053,0.215908895,3.477269566,2
2054,0.242106028,3.936854537,1
2055,0.176205642,3.99399455,2
2056,0.26304127,3.802444686,1
2057,0.27322479,3.967223954,1
2058,0.256666838,3.996669331,1
2059,0.211599608,3.949859357,2
2060,0.02777777,2.249999375,0
2061,0.226028171,3.821930897,2
2062,0.253677496,3.930162953,1
2063,0.253846642,3.842315081,1
2064,0.204904252,3.751323997,2
2065,0.237624092,3.908916309,1
2066,0.182212542,3.83947856,2
2067,0.237805929,3.928371025,1
2068,0.267677714,3.515163942,1
2069,0.189024621,3.87805351,2
2070,0.081081081,2.459459459,0
2071,0.234986148,3.728446875,2
2072,0.285052804,3.816926575,1
2073,0.213096725,3.785796504,2
2074,0.153322499,3.608189466,2
2075,0.236404179,3.572699779,2
2076,0.192494669,3.78088586,2
2077,0.198237903,3.475771231,2
2078,0.194331897,3.558702869,2
2079,0.201922999,2.567306705,0
2080,0.205263806,3.700011684,2
2081,0.161393069,3.726281152,2
2082,0.187257297,3.749047133,2
2083,0.190069144,3.652409769,2
2084,0.128571254,3.717852097,2
2085,0.259310028,3.941512424,1
2086,0.130434683,2.282606959,0
2087,0.158147622,3.714072934,2
2088,0.162499959,3.574999106,2
2089,0.190476077,3.726188258,2
2090,0.157894737,2.552631579,0
2091,0.171875269,3.390630298,2
2092,0.22641527,3.679248141,2
2093,0.223684211,3.848684211,2
2094,0.080357129,2.517856693,0
2095,0.198237903,3.806167736,2
2096,0.243063452,3.695896323,2
2097,0.144736861,3.302632014,2
2098,0.252630914,3.734200699,1
2099,0.227748035,4.02093083,1
2100,0.198008409,3.66502357,2
2101,0.181034467,3.271551442,2
2102,0.168540273,3.602548329,2
2103,0.188947133,3.709533501,2
2104,0.108108137,3.364865774,2
2105,0.032608671,2.70651968,0
2106,0.182608712,2.895652426,0
2107,0.16741064,3.616069814,2
2108,0.225226341,3.734252737,2
2109,0.162895987,3.312218394,2
2110,0.239437631,3.892035225,1
2111,0.141393587,3.682380822,2
2112,0.029126199,2.65048415,0
2113,0.283499364,3.744730403,1
2114,0.151260472,3.617646299,2
2115,0.169355078,3.82258604,2
2116,0.216426361,3.729192686,2
2117,0.218868998,3.562281626,2
2118,0.209816775,3.647867084,2
2119,0.155688809,3.910184324,2
2120,0.236632376,3.766064431,2
2121,0.105633654,3.53872741,2
2122,0.161638001,3.678880896,2
2123,0.105263172,3.53947415,2
2124,0.187500721,3.841360928,2
2125,0.15126053,2.924370239,0
2126,0.239104494,3.762159771,2
2127,0.302996906,3.745840868,1
2128,0.21295244,3.560415354,2
2129,0.205540407,3.634129329,2
2130,0.213137986,3.743989911,2
2131,0.194278015,3.822307002,2
2132,0.285316281,3.876944766,1
2133,0.223455719,3.665624666,2
2134,0.227130341,3.823360734,2
2135,0.24474766,3.686048085,2
2136,0.230769891,3.906987927,1
2137,0.204748747,3.778949692,2
2138,0.116666375,3.616657625,2
2139,0.110091541,3.642195152,2
2140,0.210773327,3.783381226,2
2141,0.107842926,3.696071184,2
2142,0.19977818,3.95227832,2
2143,0.147058737,2.529410277,0
2144,0.246393088,3.88901523,1
2145,0.135135135,2.513513514,0
2146,0.202783623,3.966209091,2
2147,0.259711634,3.809103958,1
2148,0.202380832,3.785712032,2
2149,0.176175088,3.921154098,2
2150,0.179577212,3.580980872,2
2151,0.09459462,3.405406326,2
2152,0.146666706,3.493334265,2
2153,0.209877752,3.905372294,2
2154,0.160622261,4.077732884,2
2155,0.152777863,3.611113117,2
2156,0.199630794,4.020342378,2
2157,0.201922737,3.850955058,2
2158,0.107142881,3.522322215,2
2159,0.142857143,3.662337662,2
2160,0.272728512,4.18183719,1
2161,0.185566484,3.757721305,2
2162,0.223684211,3.986842105,1
2163,0.262032786,4.171134147,1
2164,0.310617862,4.214966434,1
2165,0.232759383,4.117254867,1
2166,0.215074043,4.080892105,1
2167,0.125873945,3.618875931,2
2168,0.153191476,3.548935868,2
2169,0.240918243,4.279166882,1
2170,0.261987199,4.037685061,1
2171,0.286902525,4.035346391,1
2172,0.161289802,3.951600156,2
2173,0.105263172,3.565789943,2
2174,0.298556623,3.948652113,1
2175,0.236404179,3.958937593,1
2176,0.242945739,4.034371669,1
2177,0.149999647,3.749991176,2
2178,0.255001211,4.001269006,1
2179,0.228525973,4.351718005,1
2180,0.152542347,3.495762119,2
2181,0.267658639,4.243504678,1
2182,0.165957433,3.434042261,2
2183,0.196874569,3.815616653,2
2184,0.202247646,4.101132812,2
2185,0.279071147,3.797983885,1
2186,0.20105249,3.993454362,2
2187,0.245690926,3.965537753,1
2188,0.19999995,3.512499122,2
2189,0.195845232,3.93470876,2
2190,0.264823704,4.15812742,1
2191,0.221172441,4.400764463,1
2192,0.201219021,3.887185641,2
2193,0.238983861,3.986454191,1
2194,0.177272784,3.463637466,2
2195,0.055045899,3.646790831,2
2196,0.138888966,3.597224221,2
2197,0.206896003,4.002641903,2
2198,0.141176138,3.952931875,2
2199,0.2984833,4.244533708,1
2200,0.148935964,3.808505371,2
2201,0.253572244,3.982155657,1
2202,0.214285067,4.071416268,1
2203,0.148409679,3.731443357,2
2204,0.182370433,3.866253172,2
2205,0.089552142,3.694025853,2
2206,0.113445354,3.617646299,2
2207,0.233074543,3.955607957,1
2208,0.286282761,4.34791944,1
2209,0.21428514,3.785704145,2
2210,0.142241367,3.530172109,2
2211,0.15999968,3.81999236,2
2212,0.142241367,3.439654876,2
2213,0.24528406,3.990582979,1
2214,0.133928548,2.517856693,0
2215,0.27500149,4.020855113,1
2216,0.211422425,4.064413851,2
2217,0.211955946,4.16574955,1
2218,0.259842878,4.110241884,1
2219,0.242821302,4.143628017,1
2220,0.163636161,3.599995549,2
2221,0.26174523,3.922822741,1
2222,0.287293453,4.060782455,1
2223,0.209134263,4.038454743,2
2224,0.273256291,3.988379049,1
2225,0.195845232,3.738863528,2
2226,0.160919392,3.574709357,2
2227,0.223823366,4.162329271,1
2228,0.311946834,4.181415004,1
2229,0.114893607,3.497872043,2
2230,0.258389522,4.073829605,1
2231,0.311000348,4.05817527,1
2232,0.232896146,4.053971906,1
2233,0.268657268,4.113814413,1
2234,0.315316878,4.094614883,1
2235,0.237850993,4.258300041,1
2236,0.271918164,4.185756659,1
2237,0.132743386,3.504425399,2
2238,0.30938658,4.199314483,1
2239,0.293058373,4.24163434,1
2240,0.09459462,3.33783874,2
2241,0.288919997,4.345673383,1
2242,0.079646011,2.734513032,0
2243,0.2499995,3.92999214,1
2244,0.228345737,4.086601302,1
2245,0.177048774,3.924581157,2
2246,0.221428255,4.242851082,1
2247,0.325581963,4.319774976,1
2248,0.221537916,4.006143985,1
2249,0.232394039,3.771121449,2
2250,0.261160598,4.212051691,1
2251,0.262425865,4.389669009,1
2252,0.152777863,3.652779807,2
2253,0.314412128,4.305699419,1
2254,0.273586067,4.014167985,1
2255,0.263060241,4.24254602,1
2256,0.305173413,4.241393205,1
2257,0.195122189,4.024395152,2
2258,0.080152601,3.721370779,2
2259,0.154285908,3.291432709,2
2260,0.126050441,2.495798739,0
2261,0.166666667,4.064102564,2
2262,0.044117641,1.411764498,0
2263,0.193015167,4.158098172,2
2264,0.1999995,3.716657375,2
2265,0.273697493,3.966836395,1
2266,0.340679121,4.15425137,1
2267,0.266759362,4.067054275,1
2268,0.185841613,3.72125705,2
2269,0.243843416,3.979081191,1
2270,0.252265441,3.803386644,1
2271,0.283019088,3.779137231,1
2272,0.278571647,3.128573887,2
2273,0.254365263,4.002512231,1
2274,0.233009256,3.939312739,1
2275,0.196454086,3.753091594,2
2276,0.236404179,3.619314688,2
2277,0.24852196,3.785521998,1
2278,0.219755998,3.589347961,2
2279,0.293007997,3.729192686,1
2280,0.167410864,3.773440869,2
2281,0.298527045,3.821883286,1
2282,0.205480424,3.851823956,2
2283,0.2107291,3.881246873,2
2284,0.172070619,3.815478949,2
2285,0.224228076,3.869867303,2
2286,0.259043778,3.826146619,1
2287,0.140468744,3.827773279,2
2288,0.249722725,3.709214868,1
2289,0.203107816,3.702555596,2
2290,0.203107816,3.72586305,2
2291,0.209468026,3.71006927,2
2292,0.193764071,3.714924945,2
2293,0.219755998,3.675918505,2
2294,0.236404179,3.85238923,1
2295,0.22620617,3.786172128,2
2296,0.213389059,3.778241571,2
2297,0.243063452,3.685907414,2
2298,0.222487772,3.961717749,1
2299,0.196639383,3.877325261,2
2300,0.193118907,3.745840868,2
2301,0.219755998,3.749170504,2
2302,0.242370448,4.01796342,1
2303,0.219755998,3.649281415,2
2304,0.256381997,3.849059594,1
2305,0.230454003,3.983562045,1
2306,0.22641527,3.805774322,2
2307,0.166667659,3.78573682,2
2308,0.164557066,3.848103701,2
2309,0.233074543,3.782466868,2
2310,0.228605513,3.647137191,2
2311,0.225989211,3.836166861,2
2312,0.243063452,3.742511232,2
2313,0.201298701,3.844155844,2
2314,0.229744907,3.849059594,2
2315,0.233074543,3.642622142,2
2316,0.165355008,3.831511751,2
2317,0.203107816,3.719203777,2
2318,0.237658301,3.847309019,1
2319,0.205883186,3.852956758,2
2320,0.269700542,3.755829777,1
2321,0.239733816,3.832411413,1
2322,0.249722725,3.752500141,1
2323,0.223085634,3.705885232,2
2324,0.221699054,4.047186993,1
2325,0.24237912,4.166176954,1
2326,0.256381997,3.862378139,1
2327,0.286074137,3.78671818,1
2328,0.209767089,3.76248905,2
2329,0.183834243,4.075644271,2
2330,0.229744907,3.865707776,2
2331,0.250000033,3.76315839,1
2332,0.18777391,3.698709338,2
2333,0.28967836,3.705885232,1
2334,0.209767089,3.722533414,2
2335,0.159822544,3.739181595,2
2336,0.276846567,3.810415471,1
2337,0.162711589,3.783044436,2
2338,0.240846359,3.828189503,1
2339,0.253897494,3.888640559,1
2340,0.210169777,3.962717238,2
2341,0.256381997,3.948948684,1
2342,0.259711634,3.785796504,1
2343,0.168028397,3.721128871,2
2344,0.155000543,3.815013353,2
2345,0.209540748,3.848394713,2
2346,0.265116896,3.938381252,1
2347,0.255786624,3.876994405,1
2348,0.116882851,3.818173141,2
2349,0.236404179,3.589347961,2
2350,0.229744907,3.639292506,2
2351,0.239733816,3.865707776,1
2352,0.231646743,3.862044871,2
2353,0.253052361,3.755829777,1
2354,0.253522484,3.929598496,1
2355,0.188284464,3.841003059,2
2356,0.223009481,4.115055901,1
2357,0.235771591,3.853646004,1
2358,0.239733816,3.782466868,1
2359,0.266666844,4.003336002,1
2360,0.197530791,3.629628285,2
2361,0.230454003,4.008253545,1
2362,0.223326032,4.023590673,1
2363,0.289301626,4.034370618,1
2364,0.232338314,3.994588555,1
2365,0.22641527,3.859048503,2
2366,0.242958345,3.926066015,1
2367,0.207043362,3.823964128,2
2368,0.084112201,3.588787227,2
2369,0.26824886,3.974462708,1
2370,0.258929843,4.013412566,1
2371,0.286348724,3.938959775,1
2372,0.253113399,3.958527577,1
2373,0.164835527,4.005503309,2
2374,0.202925528,3.959790032,2
2375,0.168873949,3.933769624,2
2376,0.216496073,3.866001302,2
2377,0.265767083,3.923442864,1
2378,0.278761,4.141592004,1
2379,0.208045537,3.853003345,2
2380,0.196819399,3.888674177,2
2381,0.274553449,4.205355265,1
2382,0.111627964,3.837211266,2
2383,0.228427584,3.875654683,2
2384,0.268541444,4.327353555,1
2385,0.270832938,3.989577515,1
2386,0.162162206,3.648649635,2
2387,0.247788817,3.964621067,1
2388,0.306326542,3.942289411,1
2389,0.15901037,3.837450271,2
2390,0.217741821,3.77419157,2
2391,0.212389418,3.676991801,2
2392,0.302838448,4.003145734,1
2393,0.229007109,4.190830097,1
2394,0.153846134,3.999999487,2
2395,0.260203418,4.377539853,1
2396,0.220982044,4.13839101,1
2397,0.184322073,4.125000874,2
2398,0.299999077,4.207679361,1
2399,0.273436646,4.218736816,1
2400,0.183050537,4.016942344,2
2401,0.283554411,4.293013786,1
2402,0.213649344,3.961414928,2
2403,0.029126199,2.12621256,0
2404,0.218181888,3.872728505,2
2405,0.203803794,4.100532336,2
2406,0.207236501,4.075651191,2
2407,0.302631579,4.605263158,1
2408,0.192856881,4.071423046,2
2409,0.200836761,3.891212249,2
2410,0.208913067,4.128122206,1
2411,0.222972604,4.114858053,1
2412,0.208332813,4.308322563,1
2413,0.254237245,3.902541711,1
2414,0.235074372,4.264920758,1
2415,0.212389418,4.008850267,2
2416,0.141025623,3.935896931,2
2417,0.216762505,4.187851589,1
2418,0.265060081,3.975901219,1
2419,0.2342005,3.959103686,1
