,Exp Count,Kill
0,0.546060358,4.271923408
1,0.454320001,4.603275384
2,0.550423175,5.037842644
3,0.400891181,4.563477945
4,0.332909989,4.806148809
5,0.575003115,4.920859988
6,0.422710989,4.924788224
7,0.48945654,4.491679405
8,0.435058941,4.65702223
9,0.536071449,4.831302311
10,0.474578885,4.885620133
11,0.479467631,4.634853767
12,0.341233683,4.687223784
13,0.645949447,5.384021941
14,0.564241699,5.010625227
15,0.377120721,5.122909575
16,0.511280694,5.124085193
17,0.406454025,4.52905914
18,0.448704043,4.750329575
19,0.336293269,4.67813904
20,0.423333616,4.896669931
21,0.265972947,4.897031312
22,0.546060358,4.738072494
23,0.387932707,4.924898075
24,0.416668924,4.758359108
25,0.314051404,5.0578805
26,0.407193473,4.670543937
27,0.449009239,5.24506368
28,0.526661148,5.020836275
29,0.318938096,5.182744054
30,0.589619362,4.820787235
31,0.268329783,4.750756822
32,0.418004219,5.123326041
33,0.375000964,4.769872072
34,0.481356585,4.705091126
35,0.414098923,5.092535691
36,0.398198134,4.933017661
37,0.539933116,4.761535165
38,0.330655028,4.412178025
39,0.495066053,5.001436538
40,0.417278859,4.88875126
41,0.416251977,5.291275134
42,0.535972958,4.816562356
43,0.316266537,4.838878013
44,0.565023055,4.910319406
45,0.476191124,4.772115336
46,0.417278859,4.88875126
47,0.416251977,5.291275134
48,0.535972958,4.816562356
49,0.316266537,4.838878013
50,0.565023055,4.910319406
51,0.476191124,4.772115336
52,0.612653084,4.801335584
53,0.484588961,4.731215889
54,0.395606624,5.031621744
55,0.326272984,4.839009706
56,0.369049816,4.619075114
57,0.45283054,4.887906128
58,0.218319736,4.34380992
59,0.401575255,4.386956566
60,0.343098101,5.008395443
61,0.349044458,5.38588853
62,0.295083456,4.78186523
63,0.251310447,4.386152637
64,0.233074543,3.815763231
65,0.249722725,3.785796504
66,0.244104436,4.595531332
67,0.33569581,4.992944014
68,0.196448543,3.755829777
69,0.179800362,4.012211774
70,0.269700542,3.905663412
71,0.239733816,3.85238923
72,0.216426361,4.065485955
73,0.276120639,4.05971967
74,0.236723456,4.124450984
75,0.269700542,3.862378139
76,0.25461358,4.295220387
77,0.317696244,4.286888555
78,0.234988356,3.986969112
79,0.230126775,4.050231236
80,0.286276306,4.180418387
81,0.3071176,4.247211691
82,0.262178965,4.177671378
83,0.295214493,3.989385044
84,0.328824647,4.230065209
85,0.323531179,4.268930881
86,0.224816664,4.138837926
87,0.283175323,4.112198167
88,0.21340749,4.124510137
89,0.268532971,4.074148667
90,0.26562666,4.101588135
91,0.287102841,4.21500258
92,0.197803067,4.08322046
93,0.309764623,4.057243155
94,0.306453343,4.153249252
95,0.306502876,4.16565273
96,0.28000168,3.996023976
97,0.214913318,4.083353034
98,0.248408632,4.26116346
99,0.278352094,4.132755392
100,0.325492238,4.117672895
101,0.270705745,3.986420213
102,0.24854774,4.203509145
103,0.321767983,4.149860599
104,0.326659836,4.171483648
105,0.250001488,4.03177003
106,0.223290093,4.130866722
107,0.283899869,4.258498034
108,0.278811653,4.167304836
109,0.29593219,4.028376938
110,0.286276306,3.866690928
111,0.301145229,4.059742639
112,0.227529368,4.082888106
113,0.280264854,4.531606376
114,0.258198203,3.967235878
115,0.33928738,4.017876874
116,0.289934559,4.071164438
117,0.305484863,4.139711544
118,0.241936498,4.117759204
119,0.296563092,4.263631694
120,0.287188478,4.179696923
121,0.244727081,4.118166049
122,0.238017434,3.991750712
123,0.314040762,4.001248774
124,0.275267568,4.077151515
125,0.263310679,4.195704583
126,0.260253515,4.40065035
127,0.299631342,4.183741338
128,0.273129077,4.163015768
129,0.316408228,4.062525391
130,0.2330466,4.087563376
131,0.349044458,4.19737006
132,0.306367917,4.098168238
133,0.278956955,4.199036277
134,0.27272831,4.204974664
135,0.326285565,4.164672699
136,0.277228683,4.321797155
137,0.306214558,4.153867046
138,0.283844282,4.135392849
139,0.228659547,4.125018236
140,0.39264908,4.319139878
141,0.280544256,4.276037448
142,0.25588367,4.191198043
143,0.251779419,4.105284765
144,0.300510307,4.584055534
145,0.256199829,4.05374246
146,0.320302293,4.172952411
147,0.283729017,4.264280227
148,0.225600902,4.353617414
149,0.252213617,4.243383485
150,0.369086804,4.447969171
151,0.290016997,4.264676167
152,0.280001369,4.297798789
153,0.277707047,4.212542111
154,0.250001354,4.108355587
155,0.26785823,4.266251081
156,0.264985397,4.201911302
157,0.276522557,4.299143145
158,0.342188997,4.382831675
159,0.327869748,4.37706114
160,0.283020306,4.071138242
161,0.30704801,4.328873587
162,0.36068778,4.311077752
163,0.258348751,4.391928763
164,0.344038275,4.2890105
165,0.307019025,4.263178463
166,0.247339702,4.372327634
167,0.275000172,4.618752887
168,0.296337633,3.978915411
169,0.32500176,4.479190929
170,0.269532935,4.175807349
171,0.351351114,4.452699694
172,0.299667269,4.002222865
173,0.27923581,4.682569743
174,0.341463831,4.469517646
175,0.373818686,4.211375066
176,0.302996906,4.158715773
177,0.312044593,4.593077428
178,0.290123636,4.574076898
179,0.353635133,4.609044572
180,0.26304127,3.935630139
181,0.269700542,3.972256138
182,0.322752177,4.497366395
183,0.316315451,4.271923408
184,0.283687541,4.687936613
185,0.234986148,4.503901162
186,0.210407145,4.615382527
187,0.193779673,3.681813778
188,0.262082418,4.611535307
189,0.2795452,4.547723138
190,0.244564553,4.345096888
191,0.246333805,4.469199037
192,0.272138288,4.723543137
193,0.339518318,4.664202469
194,0.268839378,4.698579123
195,0.320158609,4.476291662
196,0.319645087,4.035519228
197,0.361842105,4.625
198,0.205356593,4.455345209
199,0.36000036,4.644004644
200,0.2588495,4.460176004
201,0.332608768,4.604348827
202,0.323184633,4.327863785
203,0.310975989,4.750005793
204,0.305986561,4.523279591
205,0.288840326,4.56892879
206,0.19411719,4.261754678
207,0.23603995,4.850240266
208,0.302469323,4.629632487
209,0.277250725,4.84833319
210,0.293477463,4.679335111
211,0.290575079,4.735588458
212,0.303570615,4.410702471
213,0.23333275,4.508322063
214,0.154638737,4.469059495
215,0.275509501,4.829069314
216,0.296953486,4.644657083
217,0.289603459,4.611378149
218,0.349592359,4.544700668
219,0.240000051,4.743158893
220,0.215516684,4.491367695
221,0.290992736,4.579671386
222,0.203703326,4.444436214
223,0.107784173,4.625737423
224,0.16666625,4.5999885
225,0.263735467,4.598887201
226,0.265822364,4.405056321
227,0.289061597,4.72654773
228,0.258620021,4.568953701
229,0.301723358,4.465505693
230,0.269021008,4.785313083
231,0.267408726,4.621157044
232,0.259052203,4.688009226
233,0.243037359,4.769608178
234,0.230768663,4.273835634
235,0.304761324,4.466658159
236,0.337695363,4.680614794
237,0.220587716,4.438224851
238,0.277909409,4.945362298
239,0.221590405,4.576694144
240,0.218749316,4.773422583
241,0.308570547,4.499987143
242,0.177418783,4.685468757
243,0.253297418,4.733495496
244,0.235464432,4.595916872
245,0.301723358,4.525850364
246,0.209912047,4.556840684
247,0.268155601,4.567025073
248,0.327126703,4.731369137
249,0.277777263,4.509250909
250,0.197560638,4.551211742
251,0.314916257,4.657445698
252,0.32608607,4.483683468
253,0.306450624,4.637081816
254,0.263297102,4.755305237
255,0.155487426,4.490842705
256,0.218749316,4.79686001
257,0.240740295,4.481473182
258,0.236841482,4.649987763
259,0.208762295,4.801532779
260,0.226414484,4.609151997
261,0.189872937,4.777203096
262,0.200580812,4.290685201
263,0.192072702,4.179867854
264,0.1671823,3.891632433
265,0.111454867,3.965935678
266,0.198112834,3.933954842
267,0.135047928,3.839219654
268,0.13235263,4.005872927
269,0.101538212,3.830759801
270,0.152238488,4.191036019
271,0.154638936,3.999993814
272,0.16139215,3.825943313
273,0.101351184,3.557426543
274,0.127906873,3.604648229
275,0.106761425,3.747326027
276,0.108552453,3.680914998
277,0.114186677,3.871966423
278,0.16326504,3.989789404
279,0.158415528,3.920784315
280,0.147238948,3.819010205
281,0.087378471,3.951448638
282,0.109090774,3.698177246
283,0.092024342,3.855819941
284,0.065015339,3.928784055
285,0.15483846,4.025799958
286,0.108695522,3.826082382
287,0.183999411,4.207986534
288,0.174657253,3.76026792
289,0.058631826,3.723120972
290,0.116343136,3.922425721
291,0.131386708,3.755470067
292,0.085987069,3.429928659
293,0.133105593,3.204773126
294,0.203703326,3.888881687
295,0.151334952,3.685451192
296,0.07291656,3.520828199
297,0.119363079,3.835533593
298,0.182691956,3.759608155
299,0.105769027,3.961530843
300,0.081355794,3.569485475
301,0.17999964,3.38999322
302,0.203007061,4.112772678
303,0.184048685,3.708580994
304,0.164633745,3.585357109
305,0.116882851,3.506485537
306,0.166051464,3.83025378
307,0.127868559,3.845892813
308,0.123809288,3.523802812
309,0.128571245,3.635709092
310,0.183452993,3.917260973
311,0.243749467,3.965616325
312,0.162790565,3.848834077
313,0.160534838,3.872902964
314,0.047430798,3.237151975
315,0.1999996,3.97999204
316,0.102166961,3.696586416
317,0.121771074,3.730622901
318,0.175823963,3.868127192
319,0.132911182,3.759487722
320,0.157894667,4.068824099
321,0.136881999,3.84410281
322,0.072164837,3.628860368
323,0.274900223,3.920316226
324,0.104247024,3.567564813
325,0.185328042,3.972969905
326,0.222614518,3.954057876
327,0.133333185,4.055551049
328,0.103053345,3.549615205
329,0.17880771,3.943703386
330,0.13999972,3.57999284
331,0.135416469,3.416661684
332,0.116197019,3.728867988
333,0.134328213,3.694025853
334,0.135802419,3.679010983
335,0.209016299,3.71311308
336,0.187499692,4.351966526
337,0.120401128,3.672234416
338,0.19999995,3.949999013
339,0.167286071,3.736055591
340,0.174657253,4.006842866
341,0.11111107,3.75308503
342,0.262135413,4.077661985
343,0.143911269,3.719552803
344,0.135245841,3.651637698
345,0.19565194,4.043473426
346,0.059523774,3.559521691
347,0.184615228,3.842304441
348,0.114285497,3.704754848
349,0.214285669,3.655461417
350,0.177215145,3.89873319
351,0.167831927,4.143350704
352,0.13452919,3.84753484
353,0.118421068,3.578947839
354,0.315789333,3.777326253
355,0.174107182,3.816965138
356,0.236842136,4.184211077
357,0.184615228,3.911535152
358,0.088235194,3.783083924
359,0.135416469,3.760411183
360,0.13953477,3.860461974
361,0.185185117,3.666665309
362,0.153846134,3.58974313
363,0.201753855,3.9034985
364,0.099999975,3.524999119
365,0.127659564,3.765957126
366,0.332102929,4.261987587
367,0.111111173,3.666668704
368,0.183673394,3.661222995
369,0.329786778,4.329781246
370,0.125000069,3.513890841
371,0.064935065,3.454545455
372,0.072874461,3.279350766
373,0.27906954,3.965113052
374,0.23247205,3.985235147
375,0.121323391,3.738966327
376,0.198605974,3.888495916
377,0.077777691,3.899995667
378,0.184210551,3.815789976
379,0.251101344,4.017621499
380,0.162499959,3.862499034
381,0.107142793,3.654759729
382,0.117391315,3.521739437
383,0.11440676,3.966101023
384,0.077490683,3.675272413
385,0.092307614,3.680766116
386,0.184782388,3.586952233
387,0.144329674,3.793808566
388,0.211655987,4.012261323
389,0.088607573,3.405062429
390,0.217021258,3.523403955
391,0.142857058,3.464283652
392,0.242152542,3.551570622
393,0.116607605,3.466426073
394,0.095999946,3.491998044
395,0.096428441,3.953566063
396,0.169811154,3.622637955
397,0.204255302,3.548935868
398,0.16139215,3.759487722
399,0.119999852,3.490904775
400,0.17374504,3.741309852
401,0.159835994,3.577867239
402,0.13740446,3.354958887
403,0.108870911,3.641127124
404,0.218623384,3.655868817
405,0.127906873,3.790694589
406,0.110768958,3.70152935
407,0.157894395,3.808041283
408,0.167330571,3.836650941
409,0.099667609,3.777402363
410,0.060344672,3.594818289
411,0.193068972,3.868805178
412,0.16666634,4.068619473
413,0.212013827,4.038863407
414,0.077205794,3.816172121
415,0.102661499,3.866916476
416,0.17374504,3.833973873
417,0.073943558,3.992952123
418,0.122222086,4.099995444
419,0.064655167,3.336206609
420,0.14062489,3.843746997
421,0.076595738,3.561701825
422,0.121457436,3.728743279
423,0.112499972,3.39999915
424,0.115384601,3.551281596
425,0.165516979,4.003441926
426,0.095238039,3.488093162
427,0.166051464,3.819183682
428,0.245352904,3.981408495
429,0.13953477,3.674415614
430,0.207692132,3.819227538
431,0.047999973,3.683997937
432,0.150627571,3.476986429
433,0.114068333,3.923950643
434,0.116278975,3.616276126
435,0.109311692,3.680160304
436,0.21348293,3.898872462
437,0.12195116,3.743900613
438,0.140287583,4.143879377
439,0.062068867,3.744821646
440,0.081395283,3.790694589
441,0.175732166,3.451881834
442,0.217557061,3.80152338
443,0.117856983,3.889280436
444,0.224999695,3.932137521
445,0.130908929,3.785449865
446,0.190298302,3.90671219
447,0.238636147,4.102268998
448,0.125475166,3.570338811
449,0.116278975,3.848834077
450,0.187499854,3.832028256
451,0.190812444,4.007061333
452,0.184782388,3.847821486
453,0.103053345,3.767172265
454,0.169172754,3.766913328
455,0.158415528,3.999992079
456,0.17213107,3.995899838
457,0.198529185,3.805142722
458,0.110204037,3.563263852
459,0.102127651,3.319148654
460,0.234374817,3.960934406
461,0.184931209,4.325335504
462,0.220689503,3.868962849
463,0.103053345,3.812973752
464,0.122950764,3.319670635
465,0.143911269,3.40959007
466,0.111486302,4.01350687
467,0.157434035,3.769670508
468,0.086419721,3.481480192
469,0.202846708,3.939496592
470,0.192856881,3.974994605
471,0.194069558,3.557941892
472,0.135802419,3.777776379
473,0.22007705,3.857139879
474,0.170212531,3.882973353
475,0.193916165,4.072239475
476,0.19615368,3.934612055
477,0.185915074,3.633794628
478,0.218390604,3.827582687
479,0.174418463,3.906973564
480,0.123134195,3.973876297
481,0.184615228,3.8999967
482,0.152073803,3.179724968
483,0.141304179,3.52173492
484,0.146067268,3.943816237
485,0.122222086,3.933328963
486,0.154761813,3.523807426
487,0.128571254,4.114280131
488,0.167330571,3.693224737
489,0.138210933,3.666654743
490,0.161538325,3.911535152
491,0.097560928,3.597559221
492,0.119521836,3.776890023
493,0.156716248,4.085816474
494,0.148935964,3.914888203
495,0.324137707,3.95861796
496,0.124999886,3.488633192
497,0.199999619,3.704754848
498,0.183205946,3.755721894
499,0.166666424,3.854161046
500,0.168141147,3.973440778
501,0.131999926,3.647997957
502,0.175531401,3.917541731
503,0.105468668,3.703122107
504,0.210331855,4.129146416
505,0.155014868,3.993912475
506,0.171919377,3.713458536
507,0.16935475,3.689514195
508,0.150627571,3.389120346
509,0.153191476,3.625531606
510,0.104166515,3.760411183
511,0.218542757,4.281451283
512,0.050420157,3.428570708
513,0.083665285,3.848603124
514,0.158536508,3.695120149
515,0.145713869,3.634275331
516,0.160714068,3.889280436
517,0.114503716,3.675569292
518,0.204300812,4.107521582
519,0.133135819,4.28697337
520,0.077205794,3.915436714
521,0.087866083,3.740584678
522,0.138075273,3.351463454
523,0.251045952,3.903764547
524,0.119999933,3.347998125
525,0.132530041,3.51807017
526,0.203389796,3.826270538
527,0.147727138,4.147723502
528,0.127413029,3.694977842
529,0.162162037,3.891888887
530,0.135541883,3.8584256
531,0.142499715,3.847492305
532,0.17374504,3.9498039
533,0.095617469,3.621511636
534,0.17777758,3.95555116
535,0.10074616,3.86193612
536,0.238493654,3.753136976
537,0.107142793,3.5833312
538,0.185064514,4.422067872
539,0.242553171,3.676595432
540,0.092511021,3.766520156
541,0.230769036,3.749996827
542,0.165254209,3.737287502
543,0.129411673,3.74117383
544,0.109488923,3.897805667
545,0.251101344,3.819383596
546,0.157407116,3.472215792
547,0.142241367,3.103448008
548,0.105633654,3.433093756
549,0.179487156,3.538461085
550,0.131999926,3.947997789
551,0.089552142,3.794772013
552,0.091953938,3.712640264
553,0.206896756,3.561579864
554,0.142857143,3.883116883
555,0.212389418,4.141593653
556,0.237804298,3.713405577
557,0.161435028,3.645741055
558,0.236220296,3.767713717
559,0.226666727,3.733334329
560,0.026086959,3.639130751
561,0.117469632,4.012039734
562,0.108870911,3.362901463
563,0.20816318,3.612243424
564,0.133064446,3.374998231
565,0.205645053,3.822578641
566,0.196911045,3.72972685
567,0.285067976,3.71945836
568,0.12406002,3.913529715
569,0.06437768,3.437768093
570,0.218623384,3.862346458
571,0.141025623,3.692307219
572,0.145161214,3.60483682
573,0.159835994,3.725408157
574,0.199115079,3.477876722
575,0.14042552,3.804254995
576,0.103846066,3.726919923
577,0.06437768,3.66952774
578,0.188888679,4.188884235
579,0.183406122,3.668122431
580,0.183962386,3.622643902
581,0.141630895,3.618025596
582,0.122092668,3.497082857
583,0.170305684,3.72052418
584,0.100334274,4.103671793
585,0.175732166,3.853555357
586,0.088607573,3.658226922
587,0.133603179,3.777326253
588,0.167999906,4.019997749
589,0.132158602,3.740088435
590,0.143426203,4.075694613
591,0.162162037,3.706560844
592,0.188284464,3.790793869
593,0.188118439,4.069298873
594,0.11764718,3.57353309
595,0.187500042,3.683036536
596,0.132530041,4.012045776
597,0.250995856,3.956172777
598,0.122222086,3.933328963
599,0.085365812,3.792681077
600,0.181395442,3.879071752
601,0.094170433,3.874440678
602,0.142241367,3.68534451
603,0.100418381,3.702927786
604,0.282786758,3.909834303
605,0.172566402,3.623894447
606,0.13235263,3.749991176
607,0.102564089,3.833332842
608,0.148648689,3.770271289
609,0.161435028,3.672646893
610,0.150684993,3.602741207
611,0.172839442,3.950615821
612,0.157894667,3.898783689
613,0.141025623,3.782050797
614,0.181395442,4.074420689
615,0.126050394,3.79411685
616,0.141630895,3.721029883
617,0.158536508,3.865851773
618,0.141509527,3.650945807
619,0.158590322,3.938326338
620,0.099999975,3.712499072
621,0.146579566,3.928332364
622,0.303501721,4.167312094
623,0.272727025,3.95454186
624,0.124999969,3.962499009
625,0.252100787,3.756301732
626,0.161764872,3.441180013
627,0.195652191,3.769565545
628,0.127118623,3.966101023
629,0.178571322,3.797616787
630,0.214285489,4.206762489
631,0.257143041,3.814288439
632,0.151260472,3.894957165
633,0.177215145,3.784809168
634,0.102127651,3.919148603
635,0.253164493,4.050631886
636,0.164179301,3.611944611
637,0.13452919,3.565023541
638,0.219178172,3.917809829
639,0.13636368,3.613637513
640,0.110091799,3.70183673
641,0.139240471,3.89873319
642,0.086776834,3.731403879
643,0.132158602,3.621145693
644,0.159090764,3.886360103
645,0.208955473,3.447765311
646,0.166051464,3.697412608
647,0.172775131,3.455502629
648,0.113744162,3.568723085
649,0.214285587,4.083330903
650,0.13740446,3.916027097
651,0.185022043,3.806167736
652,0.134146276,3.743900613
653,0.126050394,3.59243622
654,0.171428694,3.700002643
655,0.263999852,3.947997789
656,0.101694898,3.737287502
657,0.206896534,3.853447944
658,0.211453763,3.740088435
659,0.160714322,3.683036536
660,0.132743386,3.809735188
661,0.104651297,3.087213251
662,0.110599129,3.552997029
663,0.221675095,3.413796467
664,0.192660648,3.784405579
665,0.181395442,3.711629806
666,0.184834263,3.668249227
667,0.066371693,3.610620108
668,0.165957433,3.880850734
669,0.081081195,3.145950367
670,0.1551724,3.931034144
671,0.185022043,3.713656715
672,0.045000052,3.480004002
673,0.141891657,4.206074118
674,0.18292674,3.829266425
675,0.185184842,3.842585477
676,0.092511021,3.845815317
677,0.093750146,3.60938064
678,0.158590322,3.779736016
679,0.111111173,3.652779807
680,0.113207622,3.721700571
681,0.161435028,4.049328625
682,0.192307668,3.641025174
683,0.175675723,3.864865909
684,0.181034467,3.788792777
685,0.183452993,4.19783614
686,0.210331855,3.985235147
687,0.112499972,3.962499009
688,0.172042789,4.376338439
689,0.301158069,4.019301916
690,0.1163793,3.672413477
691,0.069124456,3.857144635
692,0.157205247,3.72052418
693,0.118226717,3.620693222
694,0.158590322,3.674009134
695,0.152542347,3.749999364
696,0.080000021,3.640000971
697,0.139240471,3.708859821
698,0.122727312,3.695455721
699,0.142241367,3.76293071
700,0.15566048,4.117927248
701,0.18604636,3.988368847
702,0.208333449,3.888891049
703,0.147541201,3.44262803
704,0.146017725,3.969027251
705,0.196506559,3.86462899
706,0.141025623,4.051281532
707,0.226666727,4.013334404
708,0.149321321,3.705883694
709,0.18090475,3.437190248
710,0.271428765,3.657145469
711,0.113744162,3.625595166
712,0.130434896,3.594206024
713,0.119469048,3.98230159
714,0.160000043,3.880001035
715,0.128755359,3.785407563
716,0.21794869,4.166666132
717,0.166666759,3.694446497
718,0.147321461,3.495536495
719,0.161538325,4.119227284
720,0.103448267,3.698275543
721,0.147321461,3.857143718
722,0.100418381,3.489538727
723,0.18987337,3.974682538
724,0.165254209,3.826270538
725,0.194444552,3.916668843
726,0.241071482,3.750000837
727,0.12442402,3.483872573
728,0.202702757,3.945947012
729,0.230769128,3.93522092
730,0.211453763,3.806167736
731,0.102564089,3.935896931
732,0.092592695,3.222225802
733,0.177966072,3.813558676
734,0.101449364,3.927539647
735,0.244635183,3.88841185
736,0.244635183,3.991416138
737,0.241706344,3.781993389
738,0.050847449,3.95338916
739,0.082352883,4.152938245
740,0.219827567,3.827585877
741,0.203883693,3.597090871
742,0.125000069,3.76389098
743,0.095454576,3.722728457
744,0.227091489,3.920316226
745,0.256410224,3.92307642
746,0.156398223,3.81042943
747,0.145374462,3.832599457
748,0.147058975,3.500003603
749,0.094170433,3.57847646
750,0.195980146,3.75377356
751,0.060913786,3.411172015
752,0.135000155,3.525004054
753,0.106666695,3.826667687
754,0.27272736,3.927273977
755,0.108597324,3.760182357
756,0.210280502,3.742992928
757,0.228571592,3.62857402
758,0.165957433,3.75319117
759,0.180257503,3.759656491
760,0.21348293,4.112355392
761,0.108870911,3.919352784
762,0.071090101,3.540287045
763,0.088607573,3.392404204
764,0.118942742,3.687224994
765,0.224999944,3.762499059
766,0.143540787,3.588519665
767,0.136363802,3.363640441
768,0.121457436,3.97165815
769,0.111111173,3.388890772
770,0.153061443,3.596943914
771,0.070754764,3.636794854
772,0.131004373,3.903930301
773,0.249097158,4.483748847
774,0.16455692,3.493670002
775,0.153191476,3.548935868
776,0.184210551,3.842105769
777,0.176470551,3.529411023
778,0.126168301,3.630843327
779,0.153488451,3.54418786
780,0.174273801,3.473027893
781,0.28085104,3.651063519
782,0.083333284,4.047616638
783,0.085714347,3.657145469
784,0.219895622,3.424088969
785,0.090909091,3.506493506
786,0.102127651,3.880850734
787,0.119205401,3.397353918
788,0.233945072,3.619267881
789,0.174999956,3.787499053
790,0.205479536,3.328768491
791,0.166666759,3.611113117
792,0.182608712,3.730435107
793,0.17333338,3.506667602
794,0.107142881,3.642857956
795,0.167910266,3.884324155
796,0.23502315,3.898619308
797,0.081447993,3.638010367
798,0.111627964,3.69767631
799,0.202072832,3.637310976
800,0.1500002,3.466671289
801,0.127118623,3.635592604
802,0.156398223,3.668249227
803,0.171052654,3.710526804
804,0.165137698,3.633029356
805,0.218623384,3.655868817
806,0.250000139,3.527779738
807,0.206521492,3.880430143
808,0.099526142,3.454978923
809,0.19999995,3.674999081
810,0.084677375,3.834675409
811,0.084112201,3.490656326
812,0.141509527,3.551889138
813,0.117187408,3.562497217
814,0.227678622,3.803572278
815,0.144736861,3.736842597
816,0.159183608,3.624488317
817,0.107623352,3.618835217
818,0.170305684,3.786026366
819,0.176470796,3.335298042
820,0.128755359,3.476394701
821,0.150579034,3.694977842
822,0.163865512,3.478990866
823,0.086124472,3.387562564
824,0.208955473,3.626870002
825,0.121076271,3.524664784
826,0.220408073,3.84489639
827,0.133828857,3.736055591
828,0.162499959,3.862499034
829,0.111940177,3.895518173
830,0.176470551,3.680671496
831,0.20168063,4.033612598
832,0.106060735,3.136367438
833,0.14338219,3.716907529
834,0.18090475,3.618094998
835,0.157342432,4.206287676
836,0.151898696,3.202530835
837,0.133005057,3.517244845
838,0.16935475,4.004030159
839,0.156250244,3.453130396
840,0.12442402,3.691245941
841,0.118421068,3.526316253
842,0.129310334,3.775861743
843,0.111111173,3.708335394
844,0.197368447,3.657895218
845,0.221401953,4.029515537
846,0.074626955,3.701496957
847,0.221198259,3.898619308
848,0.181395442,3.753490292
849,0.211453763,3.779736016
850,0.1163793,3.400861776
851,0.129310334,3.749999677
852,0.029556679,3.620693222
853,0.094488219,2.97637889
854,0.241935357,3.931449552
855,0.190677934,3.635592604
856,0.088983036,3.889829849
857,0.162561737,3.665028241
858,0.148648689,3.52702798
859,0.176470652,4.099548995
860,0.178899173,3.440368708
861,0.030927881,3.324747238
862,0.223140431,3.892560858
863,0.049586793,2.975207595
864,0.1163793,3.400861776
865,0.118421068,3.710526804
866,0.144736861,3.789474183
867,0.178571322,3.892854826
868,0.201923261,3.620195615
869,0.097165949,3.497974151
870,0.107142881,3.883929438
871,0.282511299,3.968611111
872,0.14410481,3.537118058
873,0.216101658,3.711863778
874,0.256097436,3.695120149
875,0.158653991,3.966349777
876,0.176470852,3.417117416
877,0.163636416,3.736364825
878,0.170616243,3.568723085
879,0.136986358,3.65753575
880,0.221198259,3.580646811
881,0.126582246,3.784809168
882,0.117391315,3.860869901
883,0.195402119,3.735628749
884,0.145748923,3.534411381
885,0.151515335,3.848489513
886,0.176470652,3.366517056
887,0.171052654,3.750000493
888,0.11764718,3.617650783
889,0.133928548,2.866070917
890,0.158653991,4.110580678
891,0.121457436,3.789471997
892,0.116666822,3.216670956
893,0.162162206,3.95946053
894,0.138655433,3.491595905
895,0.320512779,3.884614887
896,0.184210551,3.671053115
897,0.222707433,3.628821119
898,0.224669623,3.674009134
899,0.059405917,2.22772189
900,0.204255302,3.676595432
901,0.246753247,4.012987013
902,0.236111242,3.597224221
903,0.168103434,3.76293071
904,0.147982109,3.739911488
905,0.199052284,3.696685268
906,0.166666806,2.937502448
907,0.141025623,3.512820062
908,0.232044519,3.464093182
909,0.171806183,3.568282253
910,0.162162206,3.52702798
911,0.051282051,2.41025641
912,0.179487156,3.70512773
913,0.127906873,3.523252946
914,0.080357129,2.383928146
915,0.178899173,3.591744932
916,0.195652191,3.508695957
917,0.146341642,3.256101532
918,0.281250439,3.843756006
919,0.100961631,3.793272696
920,0.179487156,3.858973864
921,0.129186708,3.631581901
922,0.116278975,3.627904024
923,0.145374462,3.700440855
924,0.188340866,3.605382298
925,0.202702757,4.067568667
926,0.167381967,3.978540602
927,0.130434794,3.078261137
928,0.191489345,3.599999694
929,0.175532186,3.303196585
930,0.163636416,3.981819449
931,0.127358575,3.622643902
932,0.158536508,3.634144569
933,0.26027408,3.931508465
934,0.216101658,3.737287502
935,0.156398223,3.682467247
936,0.196428817,3.125003906
937,0.102857272,3.531433011
938,0.111111235,3.370374115
939,0.270270343,3.851352392
940,0.118421068,4.197368973
941,0.185022043,3.753304295
942,0.146017725,3.676991801
943,0.118942742,3.779736016
944,0.21794869,4.038461021
945,0.203619983,3.746607691
946,0.093750021,3.669643676
947,0.184834263,3.739339328
948,0.164705766,3.905879596
949,0.11440676,3.635592604
950,0.088983036,3.457626533
951,0.174107182,3.883929438
952,0.172042789,4.05375821
953,0.227091489,3.812746574
954,0.155378387,3.717129105
955,0.198113338,3.707549618
956,0.166666759,3.555557531
957,0.104803498,3.641921556
958,0.27272736,3.613637513
959,0.191082997,3.286627553
960,0.133758098,3.248410954
961,0.192307668,3.641025174
962,0.125000069,3.944446636
963,0.15483888,3.290326189
964,0.276150547,3.677823191
965,0.151260472,3.894957165
966,0.184615228,3.726919923
967,0.169565232,3.743478586
968,0.172566402,3.650443124
969,0.226890794,2.873950063
970,0.238806255,3.582093829
971,0.133928601,3.763393697
972,0.224299202,3.785049028
973,0.279412052,3.588238988
974,0.126760653,3.563382791
975,0.239436788,3.915495715
976,0.026086959,2.817391549
977,0.171052654,3.7236847
978,0.226415052,2.405659923
979,0.105000121,3.615004157
980,0.179487156,3.653845685
981,0.133333511,3.283337711
982,0.129496496,2.913671161
983,0.113445354,3.352940472
984,0.087378598,2.417474555
985,0.250000333,3.416671222
986,0.081818174,2.563636131
987,0.160714487,3.51786154
988,0.120000032,3.680000981
989,0.202898727,3.521742193
990,0.143540787,3.846893081
991,0.235714471,3.128573887
992,0.168367587,3.290821028
993,0.073469358,3.281631314
994,0.171428694,3.800002714
995,0.207792208,3.649350649
996,0.225000259,3.76500433
997,0.160000043,3.706667655
998,0.129496496,3.064750406
999,0.108597324,3.570137039
1000,0.087378598,2.708736549
1001,0.132158602,3.39647607
1002,0.108597324,3.488689046
1003,0.04166669,3.500001944
1004,0.157894758,3.907895251
1005,0.111111173,3.500001944
1006,0.037500045,3.468754119
1007,0.148148093,3.691356658
1008,0.20869567,3.730435107
1009,0.102564089,3.217948305
1010,0.214285883,3.064288122
1011,0.189473963,3.757900275
1012,0.125748654,3.215572713
1013,0.201923261,3.461541624
1014,0.075000019,2.8000007
1015,0.071090101,3.597159126
1016,0.164383629,3.342467127
1017,0.163636416,3.777273929
1018,0.147727138,3.704542087
1019,0.105263158,2.842105263
1020,0.177966117,2.567796828
1021,0.195980146,3.57286881
1022,0.203007626,3.022557982
1023,0.191234938,3.717129105
1024,0.126760653,3.591551825
1025,0.184834263,3.454978923
1026,0.181818182,4.012987013
1027,0.090517234,3.400861776
1028,0.094117581,3.823526713
1029,0.121076271,3.511211865
1030,0.136363815,3.545459179
1031,0.242553171,3.995744341
1032,0.128755359,3.566523452
1033,0.188340866,3.672646893
1034,0.167381967,3.862660778
1035,0.160000043,3.573334286
1036,0.168103434,3.594827276
1037,0.062761488,3.589957108
1038,0.09230782,3.692312805
1039,0.166666759,3.819446566
1040,0.153846134,3.525640574
1041,0.146666706,3.520000939
1042,0.294392702,3.939254729
1043,0.109589086,3.726028929
1044,0.147541201,3.737710433
1045,0.125000031,3.00000075
1046,0.12195116,3.634144569
1047,0.11999994,2.57999871
1048,0.147540917,3.36885094
1049,0.20869567,2.947826343
1050,0.273972715,3.7534262
1051,0.118110273,2.905512726
1052,0.106194681,2.654867022
1053,0.191176667,3.794121553
1054,0.156250244,3.640630688
1055,0.11594213,3.536234959
1056,0.090909036,2.787877098
1057,0.187499854,3.867184479
1058,0.107623352,4.008969868
1059,0.201492658,3.201494449
1060,0.195348937,3.530234364
1061,0.180555656,3.361112978
1062,0.144230901,3.576926344
1063,0.188340866,4.089687382
1064,0.172566402,3.570797092
1065,0.15126053,2.722689533
1066,0.132353077,3.338238731
1067,0.054298662,3.882354347
1068,0.12406002,3.789469695
1069,0.02857142,2.742856359
1070,0.267327024,3.846538843
1071,0.135000155,3.780004347
1072,0.214285867,3.657145469
1073,0.128755359,3.373390413
1074,0.206106949,3.229008866
1075,0.189320572,3.466022783
1076,0.158653991,3.432695443
1077,0.152284465,3.502542694
1078,0.208955473,3.462690702
1079,0.191780901,3.424658942
1080,0.194805397,3.642860928
1081,0.064516087,2.419353278
1082,0.137056018,3.532999587
1083,0.128834506,3.441721803
1084,0.236111242,3.597224221
1085,0.141025623,3.564102107
1086,0.045454566,2.863637665
1087,0.184834263,3.952609632
1088,0.153191476,3.599999694
1089,0.200000277,3.661543531
1090,0.18090475,3.723622768
1091,0.175675723,3.554055015
1092,0.156521753,2.739130673
1093,0.136363559,2.011362494
1094,0.173077081,3.562503254
1095,0.155172441,2.508621122
1096,0.102272669,2.318180501
1097,0.163179869,3.891212249
1098,0.190677934,4.080507783
1099,0.050000013,2.725000681
1100,0.181034514,2.689655636
1101,0.160000043,3.680000981
1102,0.201219758,3.384150468
1103,0.193916165,3.798475477
1104,0.13452919,3.71300565
1105,0.092664021,3.77605886
1106,0.138888966,3.972224429
1107,0.206896587,2.586207342
1108,0.163179869,3.364015751
1109,0.191999892,3.599997984
1110,0.179723585,3.829494852
1111,0.123711276,2.226802976
1112,0.159090981,3.204546911
1113,0.157894737,2.368421053
1114,0.128342438,3.705887902
1115,0.113636415,2.863637665
1116,0.165137584,2.477063766
1117,0.107142838,2.973213755
1118,0.145833455,2.895835747
1119,0.258992992,3.345326148
1120,0.118811834,2.554454434
1121,0.030927819,2.474225529
1122,0.249999773,3.874996477
1123,0.294642805,2.651785241
1124,0.237410243,2.892088412
1125,0.176470652,3.447965049
1126,0.170616243,3.511851004
1127,0.103448294,2.767241856
1128,0.096774131,2.483869365
1129,0.104347835,2.556521961
1130,0.197605027,3.574854581
1131,0.203007626,3.045114385
1132,0.197183237,3.676058927
1133,0.099056669,3.679247713
1134,0.199999943,2.77142778
1135,0.239264083,3.515341521
1136,0.250000333,3.816671756
1137,0.326087169,3.217393403
1138,0.166666645,3.717948241
1139,0.171428706,3.150002475
1140,0.26000026,3.14000314
1141,0.31343321,3.567168438
1142,0.148515013,3.59406332
1143,0.267857203,3.870536578
1144,0.142180203,3.511851004
1145,0.176470484,2.558822024
1146,0.156249902,2.781248262
1147,0.195348937,3.962792725
1148,0.118226717,3.73891994
1149,0.085714347,3.757145541
1150,0.149999925,2.93999853
1151,0.09292037,3.69026614
1152,0.309523957,3.261906315
1153,0.216494734,2.412369891
1154,0.130434794,3.391304643
1155,0.166666746,3.142858639
1156,0.090909132,3.136365062
1157,0.094170433,3.511211865
1158,0.201793785,3.551570622
1159,0.190476281,2.976191893
1160,0.176470551,3.718486614
1161,0.153846367,3.538466438
1162,0.147982109,3.57847646
1163,0.152073803,3.760370396
1164,0.115384571,2.30769142
1165,0.114285796,3.600002571
1166,0.163043354,2.445650313
1167,0.149999925,2.249998875
1168,0.13888885,2.805554776
1169,0.253521305,3.66197441
1170,0.062499961,2.65624834
1171,0.14876038,2.876034009
1172,0.265193736,3.745861527
1173,0.188340866,3.591929379
1174,0.168831169,3.532467532
1175,0.100000025,3.025000756
1176,0.025641026,2.769230769
1177,0.247706547,3.688075255
1178,0.210000242,3.660004209
1179,0.131250156,3.412504052
1180,0.115384721,3.750003425
1181,0.151079245,3.172664153
1182,0.144736861,3.421053082
1183,0.175000044,3.250000813
1184,0.176470551,3.655461417
1185,0.133663512,3.59406332
1186,0.162162162,2.783783784
1187,0.05853664,3.453661738
1188,0.134146276,3.646339685
1189,0.168224401,3.742992928
1190,0.101694898,3.572033293
1191,0.09459462,3.581082049
1192,0.253846291,3.161540164
1193,0.310345133,3.591136543
1194,0.171806183,3.581498113
1195,0.078260876,2.817391549
1196,0.178218016,3.415845304
1197,0.206477641,3.558702869
1198,0.163366515,3.415845304
1199,0.237409756,4.014383146
1200,0.094488219,3.094489164
1201,0.181034467,3.56896521
1202,0.149999873,3.680766116
1203,0.123456744,3.580245588
1204,0.182243101,3.644862027
1205,0.158590322,3.726872575
1206,0.093749941,2.562498398
1207,0.156249902,2.68749832
1208,0.187500073,2.835938608
1209,0.206896756,3.605914883
1210,0.107142838,2.598213822
1211,0.201793785,3.618835217
1212,0.239264083,3.496936592
1213,0.180451223,3.270678413
1214,0.171428787,3.754290434
1215,0.206008575,3.643776668
1216,0.129310367,2.844828077
1217,0.246154187,3.400004708
1218,0.139534955,3.809304275
1219,0.165137698,3.247708061
1220,0.081081103,3.567568532
1221,0.215246704,3.605382298
1222,0.03571426,1.964284311
1223,0.140186863,2.943924133
1224,0.129729912,3.681086254
1225,0.125874223,3.461541124
1226,0.342857574,3.600004526
1227,0.156398223,3.82464745
1228,0.076923077,2.743589744
1229,0.133333369,3.453334254
1230,0.136986358,3.506850756
1231,0.166666806,3.104169253
1232,0.161764872,3.63235668
1233,0.106060735,3.484852709
1234,0.116504798,2.300969757
1235,0.200000143,3.414288153
1236,0.121212048,2.272725895
1237,0.142857321,3.410718549
1238,0.167598009,3.452518981
1239,0.150000048,3.177273738
1240,0.188976437,3.047245054
1241,0.206422123,3.646790831
1242,0.105263158,2.5
1243,0.198113338,3.438681516
1244,0.098360611,3.614752469
1245,0.250995856,3.322707045
1246,0.225663757,3.557522754
1247,0.142180203,3.582941106
1248,0.115384721,3.403849263
1249,0.145946151,3.25946404
1250,0.103896104,3.61038961
1251,0.209790371,3.000002308
1252,0.257510719,3.708154347
1253,0.129310367,3.051724664
1254,0.200836761,3.677823191
1255,0.144230714,3.173075703
1256,0.224299202,3.757011628
1257,0.087866083,3.502091024
1258,0.160975759,3.629271656
1259,0.11999994,2.669998665
1260,0.090909091,3.857142857
1261,0.102564103,2.256410256
1262,0.174757197,2.242717358
1263,0.197674258,3.662787716
1264,0.164062372,3.855465738
1265,0.228699623,3.645741055
1266,0.130434683,2.282606959
1267,0.191176667,3.323532833
1268,0.12558146,3.432559896
1269,0.118421068,3.605263632
1270,0.189873298,2.620251506
1271,0.08333331,2.916665856
1272,0.172414031,3.517246231
1273,0.157894667,3.546557125
1274,0.161764872,3.63235668
1275,0.041666649,1.916665868
1276,0.172661995,3.302160649
1277,0.292035372,2.495575
1278,0.142857245,3.814288439
1279,0.116504798,2.67961035
1280,0.248407896,3.305735853
1281,0.108695723,3.000001957
1282,0.026315789,2.578947368
1283,0.135746655,3.71945836
1284,0.228915525,3.602407468
1285,0.05999997,2.3999988
1286,0.161764872,3.661768475
1287,0.118226717,3.576358203
1288,0.14062522,3.578130591
1289,0.083720973,3.460466887
1290,0.219827567,3.543103143
1291,0.174757451,3.524275266
1292,0.022388073,2.753732987
1293,0.165898694,3.552997029
1294,0.121621654,3.648649635
1295,0.169811433,3.523587233
1296,0.174887947,3.766817326
1297,0.130434794,2.634782838
1298,0.186528768,3.295341568
1299,0.16167684,3.502998207
1300,0.155378387,3.66932037
1301,0.123077093,3.476927891
1302,0.188405961,3.84058305
1303,0.219178172,3.452056213
1304,0.145631209,3.728158959
1305,0.153846154,2.641025641
1306,0.228813579,2.89830533
1307,0.268085084,3.880850734
1308,0.188811334,3.12587653
1309,0.187500171,3.692311065
1310,0.18292674,3.817071309
1311,0.13888885,2.277777145
1312,0.192660648,3.784405579
1313,0.139534955,3.516280869
1314,0.173077081,3.692311065
1315,0.162561737,3.871924997
1316,0.275109182,3.72052418
1317,0.167381967,3.618025596
1318,0.146341392,3.536583641
1319,0.178808101,3.437089052
1320,0.197368447,3.578947839
1321,0.17647077,3.764709758
1322,0,2.736842105
1323,0.232876808,3.49315212
1324,0.05999997,2.429998785
1325,0.135000155,3.510004037
1326,0.181034514,2.922414297
1327,0.107913747,3.086333156
1328,0.291261995,2.796115148
1329,0.146341599,3.643905816
1330,0.133928548,2.303571017
1331,0.183673732,4.025515955
1332,0.108108108,2.432432432
1333,0.119403128,3.656720784
1334,0.220588462,3.602944885
1335,0.081081103,3.6216226
1336,0.103448378,3.428574806
1337,0.159420428,3.84058305
1338,0.321428824,2.892859416
1339,0.082568849,3.481653133
1340,0.104347835,2.58260892
1341,0.252100883,3.100840857
1342,0.124999922,2.187498633
1343,0.200957101,3.789476767
1344,0.201219758,3.713419163
1345,0.229729792,3.675676669
1346,0.116504798,2.417474555
1347,0.137614654,2.779816004
1348,0.236220547,3.070867109
1349,0.127659507,2.712764514
1350,0.144927662,3.942032413
1351,0.151162668,3.953485154
1352,0.124138042,3.144830406
1353,0.214285676,2.758928079
1354,0.165137698,3.495414608
1355,0.222707433,3.681222868
1356,0.227272831,3.295456043
1357,0.303030119,2.939392158
1358,0.112149491,3.22429786
1359,0.28000028,3.62000362
1360,0.161290557,3.387101691
1361,0.250995856,3.5019898
1362,0.108108108,3
1363,0.239264083,3.404911944
1364,0.113207526,2.91509379
1365,0.103960509,3.668320827
1366,0.219827567,3.60775831
1367,0.116504798,2.388348355
1368,0.181395442,3.795350779
1369,0.153846302,3.403849427
1370,0.075630265,3.176471122
1371,0.115384571,2.82692199
1372,0.176470652,3.556562373
1373,0.105000121,3.43500395
1374,0.13452919,3.565023541
1375,0.144230714,2.711537419
1376,0.270386254,3.630901132
1377,0.158940534,3.417221485
1378,0.227273003,3.636368044
1379,0.147058737,2.999998235
1380,0.156398223,3.511851004
1381,0.189075591,3.441175748
1382,0.18090475,3.814075143
1383,0.114285682,2.82857062
1384,0.217194649,3.502263711
1385,0.104803498,3.641921556
1386,0.062500052,3.187502656
1387,0.19444439,2.861110316
1388,0.09574463,2.234041365
1389,0.120967781,3.120968749
1390,0.115384601,3.358973928
1391,0.058252484,3.451459662
1392,0.201922999,2.62499899
1393,0.1648354,3.346158626
1394,0.350000088,3.025000756
1395,0.205882565,3.647062578
1396,0.25000024,3.538464941
1397,0.100840353,2.672269357
1398,0.216101658,3.826270538
1399,0.230769314,3.665159698
1400,0.105726882,3.832599457
1401,0.088235242,2.588233772
1402,0.143712747,3.46707002
1403,0.125000031,2.975000744
1404,0.100840353,2.596639092
1405,0.157894667,3.619431586
1406,0.130434794,2.765217632
1407,0.252100883,3.100840857
1408,0.14925391,3.582093829
1409,0.096774143,3.713707731
1410,0.369565458,3.217393403
1411,0.129310367,2.87069015
1412,0.096153939,3.519234153
1413,0.169811289,2.745282501
1414,0.23999988,2.81999859
1415,0.217742006,2.927420299
1416,0.112499944,1.949999025
1417,0.17999991,2.75999862
1418,0.109756031,2.451218018
1419,0.134328318,1.701492029
1420,0.037499981,2.137498931
1421,0.140186863,2.551400915
1422,0.206896737,3.39310649
1423,0.028037373,3.168223115
1424,0.14876038,3.099174578
1425,0.136363802,3.742428779
1426,0.209302228,2.37209192
1427,0.074999963,2.062498969
1428,0.033707839,2.292133029
1429,0.113636415,3.204546911
1430,0.171428501,3.440814922
1431,0.201219758,3.676833752
1432,0.153409291,3.528413702
1433,0.036144561,2.204818215
1434,0.225000056,3.300000825
1435,0.125000195,3.593755615
1436,0.187499906,2.362498819
1437,0.152542386,3.177966371
1438,0.259615285,2.538460562
1439,0.107142838,2.758928079
1440,0.106194681,2.681415692
1441,0.103448205,2.103446825
1442,0.084112118,2.887849388
1443,0.214285883,3.08571671
1444,0.135135135,2.783783784
1445,0.05555554,2.555554846
1446,0.069767409,2.999998605
1447,0.03571433,3.160718237
1448,0.191176667,3.441180013
1449,0.05454545,2.836363379
1450,0.074999963,1.987499006
1451,0.159090981,2.977274081
1452,0.18090475,3.482416435
1453,0.059405917,2.405939641
1454,0.058252399,2.563105552
1455,0.093749941,2.343748535
1456,0.185840692,2.707964362
1457,0.146341499,3.024390982
1458,0.128205128,3.102564103
1459,0.183673732,3.612250058
1460,0.201922999,2.509614419
1461,0.058252399,2.737862749
1462,0.080357129,2.785713788
1463,0.223880864,3.313436792
1464,0.09292037,4.008850267
1465,0.211453763,3.687224994
1466,0.17647077,3.485297705
1467,0.164383629,3.534248028
1468,0.13888885,2.805554776
1469,0.195918287,3.746937246
1470,0.122950764,3.504096781
1471,0.109589086,3.438357577
1472,0,0
1473,#DIV/0!,#DIV/0!
1474,0,0
1475,0.248804899,4.880403791
1476,0.29228011,4.555157944
1477,0.211503215,4.786651698
1478,0.36305877,4.853522506
1479,0.072115263,4.312492743
1480,0.244093719,4.251955112
1481,0.049861344,4.171732441
1482,0.311688948,5.031550157
1483,0.218371603,4.487016508
1484,0.079999744,4.367986022
1485,0.195540946,4.749586662
1486,0.351956094,5.000011173
1487,0.225610031,4.786591203
1488,0.360236717,4.665360759
1489,0.301888074,4.297188054
1490,0.17030564,4.349344029
1491,0.252809557,4.297762467
1492,0.344427218,4.831964443
1493,0.265403976,4.673005714
1494,0.129807474,4.53605006
1495,0.245218116,4.700883463
1496,0.157894548,4.815783713
1497,0.135135044,4.574321234
1498,0.278146708,5.240085312
1499,0.303644032,4.712555377
1500,0.309416971,4.674886844
1501,0.248705436,4.673589659
1502,0.219101616,4.303380457
1503,0.196154223,5.01347118
1504,0.28685299,4.673313289
1505,0.263060241,4.908592163
1506,0.256410256,4.557692308
1507,0.285192634,4.716647407
1508,0.186045935,4.558125401
1509,0.332673728,4.835650267
1510,0.149625562,4.683280092
1511,0.069078834,4.085519596
1512,0.108280324,4.242040918
1513,0.478917899,5.019601748
1514,0.314786675,4.306854051
1515,0.249654644,4.169232562
1516,0.216367358,3.998635221
1517,0.17059734,3.682406005
1518,0.170956291,4.439348844
1519,0.275189294,4.22708801
1520,0.183080073,3.898773364
1521,0.244792432,4.80209834
1522,0.184524029,4.660719834
1523,0.236335355,4.562719304
1524,0.143058266,3.892026353
1525,0.178919162,3.782267863
1526,0.216367358,3.773946041
1527,0.220528269,3.994474311
1528,0.136585899,3.995137542
1529,0.233011001,3.957026114
1530,0.203884626,3.882129721
1531,0.159049738,4.031088191
1532,0.195562805,3.836359702
1533,0.258374318,4.172266771
1534,0.188455616,3.97284813
1535,0.136612395,4.032797904
1536,0.208624277,4.164140574
1537,0.209416434,3.974042102
1538,0.170923648,3.954819575
1539,0.233899098,4.169505659
1540,0.206731564,4.110592733
1541,0.182986317,4.213500731
1542,0.143312672,4.117850788
1543,0.227586952,3.956909514
1544,0.297946226,4.140425138
1545,0.18881175,4.138124187
1546,0.259532086,4.271282291
1547,0.300449913,4.237689065
1548,0.181651843,3.891753116
1549,0.201492951,4.197769809
1550,0.174757553,4.159229762
1551,0.159633438,4.122946371
1552,0.163543998,3.904612963
1553,0.17680642,4.106471685
1554,0.249098102,3.980154462
1555,0.211428934,4.045721221
1556,0.179191062,3.79191409
1557,0.245493734,4.219163491
1558,0.139806042,3.972821705
1559,0.218701342,4.045974826
1560,0.170886779,4.053814145
1561,0.168540273,4.10395564
1562,0.201724799,3.894840345
1563,0.197116143,4.110592733
1564,0.257976466,4.173393472
1565,0.188680046,3.962280972
1566,0.29646162,4.199135483
1567,0.168082036,4.01359529
1568,0.204236964,4.107432274
1569,0.253379192,4.464541356
1570,0.231203442,3.806398132
1571,0.196428805,3.910718941
1572,0.231840297,4.191672575
1573,0.204762782,4.147636823
1574,0.287102841,4.069370704
1575,0.183006536,4.045751634
1576,0.247117864,4.304793197
1577,0.181661434,4.089977427
1578,0.15875953,3.89234571
1579,0.230400922,4.14241657
1580,0.24402019,4.090926707
1581,0.156794944,4.04008306
1582,0.225000788,4.16001456
1583,0.224888601,4.097470318
1584,0.195562805,3.894612453
1585,0.259152133,4.216712677
1586,0.23039306,4.000015686
1587,0.232044712,4.071832203
1588,0.201735314,3.92407724
1589,0.215139742,4.254986013
1590,0.163445128,4.05449366
1591,0.137930939,4.158617822
1592,0.218978662,4.012783974
1593,0.275797943,4.311453551
1594,0.248120767,4.421060942
1595,0.182204393,3.995784723
1596,0.251786344,4.317867938
1597,0.233232738,4.111298663
1598,0.180451467,3.986849599
1599,0.251825461,4.538332762
1600,0.211078855,3.974569938
1601,0.187780329,4.135638203
1602,0.203314202,4.030139297
1603,0.179439688,3.925243183
1604,0.133928512,3.904016114
1605,0.206704373,3.988835729
1606,0.263637562,4.213655517
1607,0.154762089,4.208338343
1608,0.2000007,4.04001414
1609,0.212598718,4.057092205
1610,0.216367358,3.869646988
1611,0.249202313,4.054329938
1612,0.223102184,3.868686802
1613,0.241122081,3.897205732
1614,0.222656598,4.113287677
1615,0.134615902,3.831745507
1616,0.299585573,3.957026114
1617,0.162275519,3.819716059
1618,0.248121495,4.046636014
1619,0.208045537,4.044405239
1620,0.178572066,3.984708109
1621,0.150000491,3.900012776
1622,0.249636276,3.906588733
1623,0.243005635,4.139932365
1624,0.285047928,4.177587663
1625,0.237931814,4.044840837
1626,0.210441212,4.027746919
1627,0.201429636,3.754305558
1628,0.157303724,3.898885166
1629,0.163987797,3.993585183
1630,0.203884626,3.728176023
1631,0.228210096,4.093518596
1632,0.19292682,4.041816888
1633,0.181149655,4.170860355
1634,0.173175431,3.820046279
1635,0.264152065,4.132093014
1636,0.25321166,4.067900358
1637,0.177122229,3.846873405
1638,0.227210187,3.719514915
1639,0.164210561,3.745263946
1640,0.224852337,3.9704189
1641,0.220826408,3.883313172
1642,0.22770446,3.996213275
1643,0.253379192,3.937512637
1644,0.148809701,3.696432972
1645,0.229618145,4.237952285
1646,0.241936498,4.045178254
1647,0.199723716,3.794750595
1648,0.31444924,4.534018096
1649,0.299585573,4.21500258
1650,0.161043636,4.072103377
1651,0.202765911,4.221217609
1652,0.223548011,4.117754362
1653,0.257017463,4.174318106
1654,0.224216353,3.744413089
1655,0.21206966,3.817253884
1656,0.237342749,4.12501697
1657,0.199262507,3.741707082
1658,0.196639383,3.897493402
1659,0.182994894,4.031432978
1660,0.205480156,4.058233076
1661,0.231140612,4.237577878
1662,0.231933631,4.008418182
1663,0.198529886,4.009200757
1664,0.249654644,4.027761596
1665,0.170079437,3.822062893
1666,0.177102475,3.928454894
1667,0.180996294,3.832596528
1668,0.212389334,3.929202671
1669,0.170079437,3.99214233
1670,0.248276675,3.775874438
1671,0.255209131,4.036470947
1672,0.210763371,4.148002524
1673,0.203884626,4.106818901
1674,0.21206966,3.987944098
1675,0.221699054,4.089640003
1676,0.194196342,3.749998326
1677,0.184466736,4.063122575
1678,0.241158526,4.003231524
1679,0.286518464,3.935415368
1680,0.293311419,4.235005226
1681,0.231429795,4.174307778
1682,0.235809096,4.056789817
1683,0.297639014,4.124426336
1684,0.267460489,4.27936783
1685,0.287102841,4.015278864
1686,0.269159533,4.211225186
1687,0.246895522,4.080763718
1688,0.233011001,4.144267097
1689,0.264152065,4.174546024
1690,0.246576468,4.02741565
1691,0.287102841,3.873807899
1692,0.237171912,3.873807899
1693,0.280058082,4.20511454
1694,0.279945849,4.357962997
1695,0.233011001,4.131784365
1696,0.169708463,4.029207374
1697,0.261470438,5.346619638
1698,0.147708456,3.96266134
1699,0.212265052,4.235867039
1700,0.196970393,4.01516571
1701,0.253815555,3.815555149
1702,0.270459198,4.264933509
1703,0.228850091,3.948704292
1704,0.232559113,3.953504922
1705,0.208045537,3.898773364
1706,0.200893844,4.049127027
1707,0.234514416,4.000019469
1708,0.271494441,3.995493192
1709,0.271534194,4.195641263
1710,0.201924214,3.762383827
1711,0.225001158,3.926490798
1712,0.24570823,4.288004921
1713,0.266251265,4.08001938
1714,0.230770522,3.918903043
1715,0.341895488,4.555396218
1716,0.350848647,4.754253404
1717,0.157894321,4.405251565
1718,0.281768578,4.740341968
1719,0.35326183,4.760882502
1720,0.097560658,4.365839461
1721,0.242719389,4.35924023
1722,0.181347714,4.077732884
1723,0.097560658,4.593480997
1724,0.110526025,4.649987763
1725,0.284274595,4.766135759
1726,0.124628784,4.362007449
1727,0.165276011,3.921548987
1728,0.20124896,4.151344834
1729,0.211991525,4.586725733
1730,0.264848617,4.064222419
1731,0.182555929,4.472620262
1732,0.117469632,4.418665382
1733,0.21176508,4.223536865
1734,0.208762295,4.469059495
1735,0.097826108,4.376087908
1736,0.269416953,4.194166613
1737,0.205929169,4.441517754
1738,0.253142468,4.222631798
1739,0.207037741,4.262541717
1740,0.159794309,4.417539436
1741,0.29126157,4.463583566
1742,0.069970682,4.189494602
1743,0.2065223,4.43479466
1744,0.064024234,3.905478279
1745,0.257485338,4.604795934
1746,0.162680126,3.961739548
1747,0.189130476,5.015218482
1748,0.188889309,4.188898198
1749,0.097922616,4.379811561
1750,0.224824093,4.159245715
1751,0.203654661,4.402073831
1752,0.064342974,4.455750935
1753,0.255426562,4.41737702
1754,0.246729571,4.29533754
1755,0.248162358,4.180157048
1756,0.248849073,4.161309499
1757,0.223968918,4.237727682
1758,0.178861207,4.39835968
1759,0.101391811,4.139171593
1760,0.195945814,3.993240545
1761,0.229462959,4.168577087
1762,0.09285701,4.45713649
1763,0.236219728,4.527544795
1764,0.297399096,4.171022324
1765,0.058679592,4.09290153
1766,0.242389326,4.053873662
1767,0.267161955,4.463831002
1768,0.291667014,4.595243566
1769,0.296161581,4.458877142
1770,0.008849534,4.318572606
1771,0.301632197,3.941599115
1772,0.144902025,3.810386577
1773,0.227273531,4.055569893
1774,0.211765796,3.8206079
1775,0.1491716,4.033158084
1776,0.239341069,3.953254213
1777,0.267857462,4.857148639
1778,0.312992557,4.482289641
1779,0.152683096,3.957380783
1780,0.183962047,4.103768746
1781,0.197635769,3.66386311
1782,0.203703829,4.76543504
1783,0.289156975,4.234944861
1784,0.106266711,4.307888995
1785,0.257463215,4.343292496
1786,0.242647639,3.998171319
1787,0.226416056,4.033035989
1788,0.13274301,4.637155831
1789,0.060483839,4.076610766
1790,0.241573577,4.77529163
1791,0.232759624,3.986470385
1792,0.25423815,3.767809382
1793,0.231933631,3.857157119
1794,0.194737457,3.605274543
1795,0.262178965,3.906896381
1796,0.109090612,3.763626099
1797,0.225000563,4.167867563
1798,0.258334733,3.895854436
1799,0.223570927,3.8319017
1800,0.213968392,3.887092446
1801,0.189684555,3.763740899
1802,0.239733816,3.912322684
1803,0.257525342,3.622077213
1804,0.209104941,3.610260822
1805,0.212852688,3.686769197
1806,0.213570824,3.844274834
1807,0.185283667,3.883072602
1808,0.198151799,3.986814187
1809,0.208589213,3.914115232
1810,0.237438379,4.070372213
1811,0.241993572,4.010687575
1812,0.116882783,4.020767733
1813,0.130434416,4.081829949
1814,0.113030324,3.715871907
1815,0.184615887,4.0508986
1816,0.173077898,3.708812096
1817,0.189789271,3.812433595
1818,0.152542114,3.803383384
1819,0.218183039,3.818203179
1820,0.172103681,3.634424786
1821,0.129264239,3.576310605
1822,0.21232107,3.751005576
1823,0.169811453,3.665929596
1824,0.22641527,3.775807595
1825,0.19899967,3.83355968
1826,0.174529043,3.707562909
1827,0.179800362,3.705885232
1828,0.157069029,3.663635104
1829,0.168408322,3.963470277
1830,0.187499574,4.048286254
1831,0.187222343,3.682039404
1832,0.166424184,3.512426193
1833,0.211217814,3.705261651
1834,0.177998298,3.615590426
1835,0.097825821,3.61140323
1836,0.121252373,3.543698377
1837,0.271429444,3.800012214
1838,0.188268499,3.523895161
1839,0.175183351,3.727025798
1840,0.173685262,3.675022244
1841,0.173141089,3.516095961
1842,0.119866908,3.552721961
1843,0.171129599,3.516887872
1844,0.156492907,3.416206872
1845,0.206294211,3.909100477
1846,0.157500748,3.558766904
1847,0.19977818,3.612655415
1848,0.189789271,3.812433595
1849,0.084805531,3.816248888
1850,0.204189738,3.80499723
1851,0.1537274,3.642873547
1852,0.133185453,3.559381234
1853,0.17926897,3.768306929
1854,0.195332511,3.88453711
1855,0.231071884,3.646235996
1856,0.147727138,3.545451322
1857,0.203107816,3.72586305
1858,0.182657298,3.642075828
1859,0.196552063,3.631040743
1860,0.249085253,3.820528215
1861,0.239733816,3.672588869
1862,0.182609535,3.827346784
1863,0.21111158,3.650008111
1864,0.115384518,3.57692005
1865,0.266370906,3.695896323
1866,0.276359815,3.742511232
1867,0.208861619,3.906661641
1868,0.213096725,3.682577778
1869,0.210938423,4.232831019
1870,0.236256766,4.065399439
1871,0.289475099,4.08272672
1872,0.252919863,4.019480277
1873,0.241667976,3.995854978
1874,0.295775481,3.977123879
1875,0.237070192,3.931054816
1876,0.223881056,4.270531152
1877,0.272347814,3.854769062
1878,0.28967836,3.915652321
1879,0.260090969,3.923786171
1880,0.260870274,4.065228438
1881,0.234899171,4.067111364
1882,0.200311461,3.950328348
1883,0.261663498,4.174445578
1884,0.207302444,3.919189596
1885,0.303280429,4.155761549
1886,0.304015878,4.170180058
1887,0.294041449,4.096712617
1888,0.197142294,3.73713218
1889,0.286713988,4.076933055
1890,0.273649527,4.190891829
1891,0.1469068,4.09019459
1892,0.271187054,4.180800409
1893,0.181268444,3.779447059
1894,0.115384601,3.423076484
1895,0.255172238,4.310341855
1896,0.199262507,4.262003629
1897,0.251713191,4.284261247
1898,0.260303631,4.0932746
1899,0.22756123,4.03162646
1900,0.185184774,4.162953712
1901,0.357354781,4.182374468
1902,0.108910675,3.881180433
1903,0.221238351,3.893794972
1904,0.214285168,4.224479019
1905,0.151898494,3.854424281
1906,0.303318829,4.213288114
1907,0.135678562,3.527642623
1908,0.297030115,4.229708833
1909,0.270869747,4.277697709
1910,0.187499684,3.822108953
1911,0.228814335,4.245777104
1912,0.273073476,4.145407075
1913,0.263297102,4.292540634
1914,0.215164155,4.16188951
1915,0.202248327,3.716313013
1916,0.200836761,3.552300215
1917,0.310697097,4.156210351
1918,0.188810918,3.755239372
1919,0.22826149,3.923923706
1920,0.209184421,4.341852241
1921,0.181035076,4.132772159
1922,0.219925225,4.161661958
1923,0.18243213,3.628372372
1924,0.103896104,3.337662338
1925,0.188172549,4.04839798
1926,0.252747808,4.109899143
1927,0.02777777,2.583332616
1928,0.229907101,4.093467891
1929,0.180722543,3.961438147
1930,0.177897095,3.929908545
1931,0.1671823,3.780177566
1932,0.156818039,3.974996386
1933,0.193068972,4.009894042
1934,0.201581346,3.776685813
1935,0.18604636,3.651159819
1936,0.206897513,3.949043841
1937,0.230769891,4.116290852
1938,0.255119155,3.959071328
1939,0.265989687,3.797983885
1940,0.21308463,3.86356079
1941,0.130718954,3.810457516
1942,0.214796777,3.873501882
1943,0.116197019,3.454220487
1944,0.165957517,4.053193214
1945,0.175126415,3.875623697
1946,0.191488801,3.957435231
1947,0.154506471,3.849786234
1948,0.212904489,4.068411245
1949,0.155619148,3.544658373
1950,0.062500098,3.312505176
1951,0.195653055,3.922377911
1952,0.191037511,3.941033088
1953,0.18810365,3.940530308
1954,0.133928601,3.455357914
1955,0.129310334,3.323275576
1956,0.218182083,4.072732209
1957,0.027027027,2.540540541
1958,0.233564701,4.136690367
1959,0.282918955,4.072965332
1960,0.254144208,4.182329685
1961,0.24000084,3.985013948
1962,0.147368204,3.778941799
1963,0.271248377,4.17722501
1964,0.238854454,3.964983937
1965,0.141891657,3.618237254
1966,0.213894475,4.053026086
1967,0,3.078947368
1968,0.19844385,4.103118428
1969,0.246377764,4.072479507
1970,0.212962569,3.777770782
1971,0.170731624,3.426827597
1972,0.18677029,3.66536694
1973,0.194621054,3.930395916
1974,0.18857089,3.891417453
1975,0.099999975,3.574999106
1976,0.201923854,4.096169601
1977,0.19474585,4.187035769
1978,0.248311608,4.170621494
1979,0.220676295,4.127243145
1980,0.247059737,4.003376147
1981,0.222680642,3.909282381
1982,0.159762983,3.674548603
1983,0.171195187,3.904880693
1984,0.263737326,4.267416462
1985,0.210098507,4.138451984
1986,0.21784255,4.058095496
1987,0.12195116,3.317071553
1988,0.226258184,4.148066708
1989,0.289158368,4.257053757
1990,0.219100508,3.514035073
1991,0.309160954,4.202298898
1992,0.231742875,4.053393558
1993,0.150838208,3.268161172
1994,0.305234067,4.111938925
1995,0.194384491,3.83585396
1996,0.211586475,3.740546619
1997,0.180379461,3.550627293
1998,0.269407623,4.114174037
1999,0.171428339,3.55713803
2000,0.129310367,2.71551771
2001,0,1.548386847
2002,0.134615126,3.576916198
2003,0.103448205,2.379308704
2004,0.224863423,3.954305559
2005,0.211453651,3.87224499
2006,0.286004289,3.912782079
2007,0.12558146,3.460466887
2008,0.242291923,4.211474153
2009,0.174756942,3.749992718
2010,0.224453128,3.952564842
2011,0.105769027,3.567300832
2012,0.207492197,3.786732603
2013,0.203947368,3.894736842
2014,0.148883079,3.960289905
2015,0.311419601,4.131500041
2016,0.201342147,4.053688555
2017,0.264575296,3.964145115
2018,0.235650686,4.078569564
2019,0.264971329,3.920677464
2020,0.20963815,3.903606933
2021,0.268966398,4.381048834
2022,0.196809034,3.824478257
2023,0.202614379,3.849673203
2024,0.159217388,3.812837447
2025,0.051724147,2.534483196
2026,0.0387931,3.56896521
2027,0.168103434,3.271551442
2028,0.338523508,4.042826726
2029,0.207089977,3.973888752
2030,0.276050321,3.949955325
2031,0.130434683,2.282606959
2032,0.175824562,3.950558133
2033,0.129310367,2.741379783
2034,0.121323391,3.496319545
2035,0.336273777,4.073068891
2036,0.242647639,4.125009858
2037,0.280136727,3.988128315
2038,0.151315789,3.980263158
2039,0.175781525,3.755865244
2040,0.340165886,4.094285787
2041,0.130434794,2.58260892
2042,0.126050441,2.495798739
2043,0.206303252,3.782226287
2044,0.223455719,3.855799746
2045,0.246576509,3.99379225
2046,0.138888966,3.611113117
2047,0.267857462,4.095242971
2048,0.243631543,4.00320065
2049,0.221419324,3.842276503
2050,0.285348731,3.721101693
2051,0.223405308,3.861720321
2052,0.189015303,3.906316261
2053,0.215908895,3.477269566
2054,0.242106028,3.936854537
2055,0.176205642,3.99399455
2056,0.26304127,3.802444686
2057,0.27322479,3.967223954
2058,0.256666838,3.996669331
2059,0.211599608,3.949859357
2060,0.02777777,2.249999375
2061,0.226028171,3.821930897
2062,0.253677496,3.930162953
2063,0.253846642,3.842315081
2064,0.204904252,3.751323997
2065,0.237624092,3.908916309
2066,0.182212542,3.83947856
2067,0.237805929,3.928371025
2068,0.267677714,3.515163942
2069,0.189024621,3.87805351
2070,0.081081081,2.459459459
2071,0.234986148,3.728446875
2072,0.285052804,3.816926575
2073,0.213096725,3.785796504
2074,0.153322499,3.608189466
2075,0.236404179,3.572699779
2076,0.192494669,3.78088586
2077,0.198237903,3.475771231
2078,0.194331897,3.558702869
2079,0.201922999,2.567306705
2080,0.205263806,3.700011684
2081,0.161393069,3.726281152
2082,0.187257297,3.749047133
2083,0.190069144,3.652409769
2084,0.128571254,3.717852097
2085,0.259310028,3.941512424
2086,0.130434683,2.282606959
2087,0.158147622,3.714072934
2088,0.162499959,3.574999106
2089,0.190476077,3.726188258
2090,0.157894737,2.552631579
2091,0.171875269,3.390630298
2092,0.22641527,3.679248141
2093,0.223684211,3.848684211
2094,0.080357129,2.517856693
2095,0.198237903,3.806167736
2096,0.243063452,3.695896323
2097,0.144736861,3.302632014
2098,0.252630914,3.734200699
2099,0.227748035,4.02093083
2100,0.198008409,3.66502357
2101,0.181034467,3.271551442
2102,0.168540273,3.602548329
2103,0.188947133,3.709533501
2104,0.108108137,3.364865774
2105,0.032608671,2.70651968
2106,0.182608712,2.895652426
2107,0.16741064,3.616069814
2108,0.225226341,3.734252737
2109,0.162895987,3.312218394
2110,0.239437631,3.892035225
2111,0.141393587,3.682380822
2112,0.029126199,2.65048415
2113,0.283499364,3.744730403
2114,0.151260472,3.617646299
2115,0.169355078,3.82258604
2116,0.216426361,3.729192686
2117,0.218868998,3.562281626
2118,0.209816775,3.647867084
2119,0.155688809,3.910184324
2120,0.236632376,3.766064431
2121,0.105633654,3.53872741
2122,0.161638001,3.678880896
2123,0.105263172,3.53947415
2124,0.187500721,3.841360928
2125,0.15126053,2.924370239
2126,0.239104494,3.762159771
2127,0.302996906,3.745840868
2128,0.21295244,3.560415354
2129,0.205540407,3.634129329
2130,0.213137986,3.743989911
2131,0.194278015,3.822307002
2132,0.285316281,3.876944766
2133,0.223455719,3.665624666
2134,0.227130341,3.823360734
2135,0.24474766,3.686048085
2136,0.230769891,3.906987927
2137,0.204748747,3.778949692
2138,0.116666375,3.616657625
2139,0.110091541,3.642195152
2140,0.210773327,3.783381226
2141,0.107842926,3.696071184
2142,0.19977818,3.95227832
2143,0.147058737,2.529410277
2144,0.246393088,3.88901523
2145,0.135135135,2.513513514
2146,0.202783623,3.966209091
2147,0.259711634,3.809103958
2148,0.202380832,3.785712032
2149,0.176175088,3.921154098
2150,0.179577212,3.580980872
2151,0.09459462,3.405406326
2152,0.146666706,3.493334265
2153,0.209877752,3.905372294
2154,0.160622261,4.077732884
2155,0.152777863,3.611113117
2156,0.199630794,4.020342378
2157,0.201922737,3.850955058
2158,0.107142881,3.522322215
2159,0.142857143,3.662337662
2160,0.272728512,4.18183719
2161,0.185566484,3.757721305
2162,0.223684211,3.986842105
2163,0.262032786,4.171134147
2164,0.310617862,4.214966434
2165,0.232759383,4.117254867
2166,0.215074043,4.080892105
2167,0.125873945,3.618875931
2168,0.153191476,3.548935868
2169,0.240918243,4.279166882
2170,0.261987199,4.037685061
2171,0.286902525,4.035346391
2172,0.161289802,3.951600156
2173,0.105263172,3.565789943
2174,0.298556623,3.948652113
2175,0.236404179,3.958937593
2176,0.242945739,4.034371669
2177,0.149999647,3.749991176
2178,0.255001211,4.001269006
2179,0.228525973,4.351718005
2180,0.152542347,3.495762119
2181,0.267658639,4.243504678
2182,0.165957433,3.434042261
2183,0.196874569,3.815616653
2184,0.202247646,4.101132812
2185,0.279071147,3.797983885
2186,0.20105249,3.993454362
2187,0.245690926,3.965537753
2188,0.19999995,3.512499122
2189,0.195845232,3.93470876
2190,0.264823704,4.15812742
2191,0.221172441,4.400764463
2192,0.201219021,3.887185641
2193,0.238983861,3.986454191
2194,0.177272784,3.463637466
2195,0.055045899,3.646790831
2196,0.138888966,3.597224221
2197,0.206896003,4.002641903
2198,0.141176138,3.952931875
2199,0.2984833,4.244533708
2200,0.148935964,3.808505371
2201,0.253572244,3.982155657
2202,0.214285067,4.071416268
2203,0.148409679,3.731443357
2204,0.182370433,3.866253172
2205,0.089552142,3.694025853
2206,0.113445354,3.617646299
2207,0.233074543,3.955607957
2208,0.286282761,4.34791944
2209,0.21428514,3.785704145
2210,0.142241367,3.530172109
2211,0.15999968,3.81999236
2212,0.142241367,3.439654876
2213,0.24528406,3.990582979
2214,0.133928548,2.517856693
2215,0.27500149,4.020855113
2216,0.211422425,4.064413851
2217,0.211955946,4.16574955
2218,0.259842878,4.110241884
2219,0.242821302,4.143628017
2220,0.163636161,3.599995549
2221,0.26174523,3.922822741
2222,0.287293453,4.060782455
2223,0.209134263,4.038454743
2224,0.273256291,3.988379049
2225,0.195845232,3.738863528
2226,0.160919392,3.574709357
2227,0.223823366,4.162329271
2228,0.311946834,4.181415004
2229,0.114893607,3.497872043
2230,0.258389522,4.073829605
2231,0.311000348,4.05817527
2232,0.232896146,4.053971906
2233,0.268657268,4.113814413
2234,0.315316878,4.094614883
2235,0.237850993,4.258300041
2236,0.271918164,4.185756659
2237,0.132743386,3.504425399
2238,0.30938658,4.199314483
2239,0.293058373,4.24163434
2240,0.09459462,3.33783874
2241,0.288919997,4.345673383
2242,0.079646011,2.734513032
2243,0.2499995,3.92999214
2244,0.228345737,4.086601302
2245,0.177048774,3.924581157
2246,0.221428255,4.242851082
2247,0.325581963,4.319774976
2248,0.221537916,4.006143985
2249,0.232394039,3.771121449
2250,0.261160598,4.212051691
2251,0.262425865,4.389669009
2252,0.152777863,3.652779807
2253,0.314412128,4.305699419
2254,0.273586067,4.014167985
2255,0.263060241,4.24254602
2256,0.305173413,4.241393205
2257,0.195122189,4.024395152
2258,0.080152601,3.721370779
2259,0.154285908,3.291432709
2260,0.126050441,2.495798739
2261,0.166666667,4.064102564
2262,0.044117641,1.411764498
2263,0.193015167,4.158098172
2264,0.1999995,3.716657375
2265,0.273697493,3.966836395
2266,0.340679121,4.15425137
2267,0.266759362,4.067054275
2268,0.185841613,3.72125705
2269,0.243843416,3.979081191
2270,0.252265441,3.803386644
2271,0.283019088,3.779137231
2272,0.278571647,3.128573887
2273,0.254365263,4.002512231
2274,0.233009256,3.939312739
2275,0.196454086,3.753091594
2276,0.236404179,3.619314688
2277,0.24852196,3.785521998
2278,0.219755998,3.589347961
2279,0.293007997,3.729192686
2280,0.167410864,3.773440869
2281,0.298527045,3.821883286
2282,0.205480424,3.851823956
2283,0.2107291,3.881246873
2284,0.172070619,3.815478949
2285,0.224228076,3.869867303
2286,0.259043778,3.826146619
2287,0.140468744,3.827773279
2288,0.249722725,3.709214868
2289,0.203107816,3.702555596
2290,0.203107816,3.72586305
2291,0.209468026,3.71006927
2292,0.193764071,3.714924945
2293,0.219755998,3.675918505
2294,0.236404179,3.85238923
2295,0.22620617,3.786172128
2296,0.213389059,3.778241571
2297,0.243063452,3.685907414
2298,0.222487772,3.961717749
2299,0.196639383,3.877325261
2300,0.193118907,3.745840868
2301,0.219755998,3.749170504
2302,0.242370448,4.01796342
2303,0.219755998,3.649281415
2304,0.256381997,3.849059594
2305,0.230454003,3.983562045
2306,0.22641527,3.805774322
2307,0.166667659,3.78573682
2308,0.164557066,3.848103701
2309,0.233074543,3.782466868
2310,0.228605513,3.647137191
2311,0.225989211,3.836166861
2312,0.243063452,3.742511232
2313,0.201298701,3.844155844
2314,0.229744907,3.849059594
2315,0.233074543,3.642622142
2316,0.165355008,3.831511751
2317,0.203107816,3.719203777
2318,0.237658301,3.847309019
2319,0.205883186,3.852956758
2320,0.269700542,3.755829777
2321,0.239733816,3.832411413
2322,0.249722725,3.752500141
2323,0.223085634,3.705885232
2324,0.221699054,4.047186993
2325,0.24237912,4.166176954
2326,0.256381997,3.862378139
2327,0.286074137,3.78671818
2328,0.209767089,3.76248905
2329,0.183834243,4.075644271
2330,0.229744907,3.865707776
2331,0.250000033,3.76315839
2332,0.18777391,3.698709338
2333,0.28967836,3.705885232
2334,0.209767089,3.722533414
2335,0.159822544,3.739181595
2336,0.276846567,3.810415471
2337,0.162711589,3.783044436
2338,0.240846359,3.828189503
2339,0.253897494,3.888640559
2340,0.210169777,3.962717238
2341,0.256381997,3.948948684
2342,0.259711634,3.785796504
2343,0.168028397,3.721128871
2344,0.155000543,3.815013353
2345,0.209540748,3.848394713
2346,0.265116896,3.938381252
2347,0.255786624,3.876994405
2348,0.116882851,3.818173141
2349,0.236404179,3.589347961
2350,0.229744907,3.639292506
2351,0.239733816,3.865707776
2352,0.231646743,3.862044871
2353,0.253052361,3.755829777
2354,0.253522484,3.929598496
2355,0.188284464,3.841003059
2356,0.223009481,4.115055901
2357,0.235771591,3.853646004
2358,0.239733816,3.782466868
2359,0.266666844,4.003336002
2360,0.197530791,3.629628285
2361,0.230454003,4.008253545
2362,0.223326032,4.023590673
2363,0.289301626,4.034370618
2364,0.232338314,3.994588555
2365,0.22641527,3.859048503
2366,0.242958345,3.926066015
2367,0.207043362,3.823964128
2368,0.084112201,3.588787227
2369,0.26824886,3.974462708
2370,0.258929843,4.013412566
2371,0.286348724,3.938959775
2372,0.253113399,3.958527577
2373,0.164835527,4.005503309
2374,0.202925528,3.959790032
2375,0.168873949,3.933769624
2376,0.216496073,3.866001302
2377,0.265767083,3.923442864
2378,0.278761,4.141592004
2379,0.208045537,3.853003345
2380,0.196819399,3.888674177
2381,0.274553449,4.205355265
2382,0.111627964,3.837211266
2383,0.228427584,3.875654683
2384,0.268541444,4.327353555
2385,0.270832938,3.989577515
2386,0.162162206,3.648649635
2387,0.247788817,3.964621067
2388,0.306326542,3.942289411
2389,0.15901037,3.837450271
2390,0.217741821,3.77419157
2391,0.212389418,3.676991801
2392,0.302838448,4.003145734
2393,0.229007109,4.190830097
2394,0.153846134,3.999999487
2395,0.260203418,4.377539853
2396,0.220982044,4.13839101
2397,0.184322073,4.125000874
2398,0.299999077,4.207679361
2399,0.273436646,4.218736816
2400,0.183050537,4.016942344
2401,0.283554411,4.293013786
2402,0.213649344,3.961414928
2403,0.029126199,2.12621256
2404,0.218181888,3.872728505
2405,0.203803794,4.100532336
2406,0.207236501,4.075651191
2407,0.302631579,4.605263158
2408,0.192856881,4.071423046
2409,0.200836761,3.891212249
2410,0.208913067,4.128122206
2411,0.222972604,4.114858053
2412,0.208332813,4.308322563
2413,0.254237245,3.902541711
2414,0.235074372,4.264920758
2415,0.212389418,4.008850267
2416,0.141025623,3.935896931
2417,0.216762505,4.187851589
2418,0.265060081,3.975901219
2419,0.2342005,3.959103686
